Sun Jan 01 07:00:00 +0000 2012,Sun Jan 01 07:00:55 +0000 2012,Sun Jan 01 07:58:40 +0000 2012,0.10500416810146924
Sun Jan 01 08:00:00 +0000 2012,Sun Jan 01 08:00:49 +0000 2012,Sun Jan 01 08:59:46 +0000 2012,0.1336138437950938
Sun Jan 01 09:00:00 +0000 2012,Sun Jan 01 09:00:46 +0000 2012,Sun Jan 01 09:59:37 +0000 2012,0.12956748633311135
Sun Jan 01 10:00:00 +0000 2012,Sun Jan 01 10:00:56 +0000 2012,Sun Jan 01 10:59:49 +0000 2012,0.09454044994931367
Sun Jan 01 11:00:00 +0000 2012,Sun Jan 01 11:00:58 +0000 2012,Sun Jan 01 11:59:57 +0000 2012,0.0813279356060606
Sun Jan 01 12:00:00 +0000 2012,Sun Jan 01 12:00:42 +0000 2012,Sun Jan 01 12:59:49 +0000 2012,0.11723192695351788
Sun Jan 01 13:00:00 +0000 2012,Sun Jan 01 13:00:49 +0000 2012,Sun Jan 01 13:59:36 +0000 2012,0.12294356124616321
Sun Jan 01 14:00:00 +0000 2012,Sun Jan 01 14:00:38 +0000 2012,Sun Jan 01 14:59:59 +0000 2012,0.11785946135887176
Sun Jan 01 15:00:00 +0000 2012,Sun Jan 01 15:00:25 +0000 2012,Sun Jan 01 15:59:54 +0000 2012,0.12474579801182027
Sun Jan 01 16:00:00 +0000 2012,Sun Jan 01 16:00:45 +0000 2012,Sun Jan 01 16:59:45 +0000 2012,0.11913462545197462
Sun Jan 01 17:00:00 +0000 2012,Sun Jan 01 17:00:24 +0000 2012,Sun Jan 01 17:59:59 +0000 2012,0.13596843208874457
Sun Jan 01 18:00:00 +0000 2012,Sun Jan 01 18:00:59 +0000 2012,Sun Jan 01 18:59:22 +0000 2012,0.07821711677833752
Sun Jan 01 19:00:00 +0000 2012,Sun Jan 01 19:00:51 +0000 2012,Sun Jan 01 19:59:44 +0000 2012,0.11848979892184365
Sun Jan 01 20:00:00 +0000 2012,Sun Jan 01 20:00:32 +0000 2012,Sun Jan 01 20:59:30 +0000 2012,0.07698021683053337
Sun Jan 01 21:00:00 +0000 2012,Sun Jan 01 21:00:42 +0000 2012,Sun Jan 01 21:59:50 +0000 2012,0.13116233460513124
Sun Jan 01 22:00:00 +0000 2012,Sun Jan 01 22:00:59 +0000 2012,Sun Jan 01 22:59:30 +0000 2012,0.15098240452429193
Sun Jan 01 23:00:00 +0000 2012,Sun Jan 01 23:00:39 +0000 2012,Sun Jan 01 23:59:49 +0000 2012,0.11201408150106065
Mon Jan 02 00:00:00 +0000 2012,Mon Jan 02 00:00:29 +0000 2012,Mon Jan 02 00:59:52 +0000 2012,0.14001478700697453
Mon Jan 02 01:00:00 +0000 2012,Mon Jan 02 01:00:32 +0000 2012,Mon Jan 02 01:59:55 +0000 2012,0.17836791384129838
Mon Jan 02 02:00:00 +0000 2012,Mon Jan 02 02:00:36 +0000 2012,Mon Jan 02 02:59:29 +0000 2012,0.12958975106818676
Mon Jan 02 03:00:00 +0000 2012,Mon Jan 02 03:00:49 +0000 2012,Mon Jan 02 03:59:40 +0000 2012,0.10235631917960787
Mon Jan 02 04:00:00 +0000 2012,Mon Jan 02 04:00:52 +0000 2012,Mon Jan 02 04:59:19 +0000 2012,0.1455547372586704
Mon Jan 02 05:00:00 +0000 2012,Mon Jan 02 05:00:59 +0000 2012,Mon Jan 02 05:59:57 +0000 2012,0.13349089465982314
Mon Jan 02 07:00:00 +0000 2012,Mon Jan 02 07:00:16 +0000 2012,Mon Jan 02 07:57:40 +0000 2012,0.09993717352547844
Mon Jan 02 08:00:00 +0000 2012,Mon Jan 02 08:00:52 +0000 2012,Mon Jan 02 08:59:48 +0000 2012,0.11724983009302203
Mon Jan 02 09:00:00 +0000 2012,Mon Jan 02 09:00:55 +0000 2012,Mon Jan 02 09:58:26 +0000 2012,0.0646160094815398
Mon Jan 02 10:00:00 +0000 2012,Mon Jan 02 10:00:57 +0000 2012,Mon Jan 02 10:59:22 +0000 2012,0.09770895160046103
Mon Jan 02 11:00:00 +0000 2012,Mon Jan 02 11:00:08 +0000 2012,Mon Jan 02 11:59:44 +0000 2012,0.17759730533627593
Mon Jan 02 12:00:00 +0000 2012,Mon Jan 02 12:00:53 +0000 2012,Mon Jan 02 12:59:56 +0000 2012,0.15704107822516025
Mon Jan 02 13:00:00 +0000 2012,Mon Jan 02 13:00:25 +0000 2012,Mon Jan 02 13:59:49 +0000 2012,0.10160541231796619
Mon Jan 02 14:00:00 +0000 2012,Mon Jan 02 14:00:55 +0000 2012,Mon Jan 02 14:59:48 +0000 2012,0.13067335272884847
Mon Jan 02 15:00:00 +0000 2012,Mon Jan 02 15:00:54 +0000 2012,Mon Jan 02 15:59:42 +0000 2012,0.1336587862575586
Mon Jan 02 16:00:00 +0000 2012,Mon Jan 02 16:00:30 +0000 2012,Mon Jan 02 16:59:56 +0000 2012,0.1001447640854883
Mon Jan 02 17:00:00 +0000 2012,Mon Jan 02 17:00:37 +0000 2012,Mon Jan 02 17:59:38 +0000 2012,0.1098660965320688
Mon Jan 02 18:00:00 +0000 2012,Mon Jan 02 18:00:22 +0000 2012,Mon Jan 02 18:59:50 +0000 2012,0.12121201593063571
Mon Jan 02 19:00:00 +0000 2012,Mon Jan 02 19:00:46 +0000 2012,Mon Jan 02 19:59:41 +0000 2012,0.08147147817460318
Mon Jan 02 20:00:00 +0000 2012,Mon Jan 02 20:00:48 +0000 2012,Mon Jan 02 20:59:57 +0000 2012,0.09778820038537296
Mon Jan 02 21:00:00 +0000 2012,Mon Jan 02 21:00:48 +0000 2012,Mon Jan 02 21:59:46 +0000 2012,0.09614503414748783
Mon Jan 02 22:00:00 +0000 2012,Mon Jan 02 22:00:40 +0000 2012,Mon Jan 02 22:59:34 +0000 2012,0.06192674529184499
Mon Jan 02 23:00:00 +0000 2012,Mon Jan 02 23:00:38 +0000 2012,Mon Jan 02 23:59:46 +0000 2012,0.06214405096837877
Tue Jan 03 00:00:00 +0000 2012,Tue Jan 03 00:00:57 +0000 2012,Tue Jan 03 00:59:53 +0000 2012,0.08132968680554939
Tue Jan 03 01:00:00 +0000 2012,Tue Jan 03 01:00:54 +0000 2012,Tue Jan 03 01:59:39 +0000 2012,0.08750663508928429
Tue Jan 03 02:00:00 +0000 2012,Tue Jan 03 02:00:52 +0000 2012,Tue Jan 03 02:59:52 +0000 2012,0.08477422351984192
Tue Jan 03 03:00:00 +0000 2012,Tue Jan 03 03:00:39 +0000 2012,Tue Jan 03 03:59:30 +0000 2012,0.10796087426579429
Tue Jan 03 04:00:00 +0000 2012,Tue Jan 03 04:00:55 +0000 2012,Tue Jan 03 04:59:59 +0000 2012,0.06836058008174907
Tue Jan 03 05:00:00 +0000 2012,Tue Jan 03 05:00:32 +0000 2012,Tue Jan 03 05:59:52 +0000 2012,0.10718405043987028
Tue Jan 03 07:00:00 +0000 2012,Tue Jan 03 07:00:33 +0000 2012,Tue Jan 03 07:58:54 +0000 2012,0.09827189303751803
Tue Jan 03 08:00:00 +0000 2012,Tue Jan 03 08:00:54 +0000 2012,Tue Jan 03 08:59:08 +0000 2012,0.080833747100147
Tue Jan 03 09:00:00 +0000 2012,Tue Jan 03 09:00:54 +0000 2012,Tue Jan 03 09:59:18 +0000 2012,0.1154063090116331
Tue Jan 03 10:00:00 +0000 2012,Tue Jan 03 10:00:47 +0000 2012,Tue Jan 03 10:59:58 +0000 2012,0.08721462303929835
Tue Jan 03 11:00:00 +0000 2012,Tue Jan 03 11:00:27 +0000 2012,Tue Jan 03 11:59:51 +0000 2012,0.12407206331274312
Tue Jan 03 12:00:00 +0000 2012,Tue Jan 03 12:00:55 +0000 2012,Tue Jan 03 12:59:57 +0000 2012,0.037247925765434134
Tue Jan 03 13:00:00 +0000 2012,Tue Jan 03 13:00:58 +0000 2012,Tue Jan 03 13:59:54 +0000 2012,0.07401860365419087
Tue Jan 03 14:00:00 +0000 2012,Tue Jan 03 14:00:59 +0000 2012,Tue Jan 03 14:59:41 +0000 2012,0.14360586157475486
Tue Jan 03 15:00:00 +0000 2012,Tue Jan 03 15:00:50 +0000 2012,Tue Jan 03 15:59:56 +0000 2012,0.08615690848907691
Tue Jan 03 16:00:00 +0000 2012,Tue Jan 03 16:00:52 +0000 2012,Tue Jan 03 16:59:36 +0000 2012,0.12074868792713848
Tue Jan 03 17:00:00 +0000 2012,Tue Jan 03 17:00:53 +0000 2012,Tue Jan 03 17:59:57 +0000 2012,0.13367614598187447
Tue Jan 03 18:00:00 +0000 2012,Tue Jan 03 18:00:58 +0000 2012,Tue Jan 03 18:59:40 +0000 2012,0.15587223354207505
Tue Jan 03 19:00:00 +0000 2012,Tue Jan 03 19:00:30 +0000 2012,Tue Jan 03 19:59:44 +0000 2012,0.10596419972125559
Tue Jan 03 20:00:00 +0000 2012,Tue Jan 03 20:00:51 +0000 2012,Tue Jan 03 20:59:50 +0000 2012,0.1251719575627717
Tue Jan 03 21:00:00 +0000 2012,Tue Jan 03 21:00:53 +0000 2012,Tue Jan 03 21:59:57 +0000 2012,0.14077833670075426
Tue Jan 03 22:00:00 +0000 2012,Tue Jan 03 22:00:40 +0000 2012,Tue Jan 03 22:59:51 +0000 2012,0.09744179765505895
Tue Jan 03 23:00:00 +0000 2012,Tue Jan 03 23:00:51 +0000 2012,Tue Jan 03 23:58:59 +0000 2012,0.11381864702309624
Wed Jan 04 00:00:00 +0000 2012,Wed Jan 04 00:00:55 +0000 2012,Wed Jan 04 00:59:26 +0000 2012,0.12980379236430822
Wed Jan 04 01:00:00 +0000 2012,Wed Jan 04 01:00:56 +0000 2012,Wed Jan 04 01:59:57 +0000 2012,0.10077821596192811
Wed Jan 04 02:00:00 +0000 2012,Wed Jan 04 02:00:36 +0000 2012,Wed Jan 04 02:59:47 +0000 2012,0.1172074611571622
Wed Jan 04 03:00:00 +0000 2012,Wed Jan 04 03:00:40 +0000 2012,Wed Jan 04 03:59:59 +0000 2012,0.08776748527003132
Wed Jan 04 04:00:00 +0000 2012,Wed Jan 04 04:00:54 +0000 2012,Wed Jan 04 04:59:34 +0000 2012,0.08711851964586338
Wed Jan 04 05:00:00 +0000 2012,Wed Jan 04 05:00:54 +0000 2012,Wed Jan 04 05:59:54 +0000 2012,0.09073009216809855
Wed Jan 04 07:00:00 +0000 2012,Wed Jan 04 07:00:48 +0000 2012,Wed Jan 04 07:59:47 +0000 2012,0.105479752030713
Wed Jan 04 08:00:00 +0000 2012,Wed Jan 04 08:00:19 +0000 2012,Wed Jan 04 08:59:23 +0000 2012,0.10800442921276253
Wed Jan 04 09:00:00 +0000 2012,Wed Jan 04 09:00:36 +0000 2012,Wed Jan 04 09:59:42 +0000 2012,0.10086867747414623
Wed Jan 04 10:00:00 +0000 2012,Wed Jan 04 10:00:11 +0000 2012,Wed Jan 04 10:59:48 +0000 2012,0.10422861533120968
Wed Jan 04 11:00:00 +0000 2012,Wed Jan 04 11:00:30 +0000 2012,Wed Jan 04 11:59:59 +0000 2012,0.10406121966741667
Wed Jan 04 12:00:00 +0000 2012,Wed Jan 04 12:00:57 +0000 2012,Wed Jan 04 12:59:52 +0000 2012,0.1031675791481826
Wed Jan 04 13:00:00 +0000 2012,Wed Jan 04 13:00:58 +0000 2012,Wed Jan 04 13:59:49 +0000 2012,0.09123272053571185
Wed Jan 04 14:00:00 +0000 2012,Wed Jan 04 14:00:45 +0000 2012,Wed Jan 04 14:59:54 +0000 2012,0.09336433844414872
Wed Jan 04 15:00:00 +0000 2012,Wed Jan 04 15:00:33 +0000 2012,Wed Jan 04 15:59:49 +0000 2012,0.09825557534672114
Wed Jan 04 16:00:00 +0000 2012,Wed Jan 04 16:00:59 +0000 2012,Wed Jan 04 16:59:08 +0000 2012,0.12939348960325742
Wed Jan 04 17:00:00 +0000 2012,Wed Jan 04 17:00:41 +0000 2012,Wed Jan 04 17:59:57 +0000 2012,0.14204193701470486
Wed Jan 04 18:00:00 +0000 2012,Wed Jan 04 18:00:56 +0000 2012,Wed Jan 04 18:59:51 +0000 2012,0.10080384548999852
Wed Jan 04 19:00:00 +0000 2012,Wed Jan 04 19:00:45 +0000 2012,Wed Jan 04 19:59:54 +0000 2012,0.1401352854037182
Wed Jan 04 20:00:00 +0000 2012,Wed Jan 04 20:00:55 +0000 2012,Wed Jan 04 20:59:58 +0000 2012,0.10933931812545095
Wed Jan 04 21:00:00 +0000 2012,Wed Jan 04 21:00:44 +0000 2012,Wed Jan 04 21:59:52 +0000 2012,0.06748664883070764
Wed Jan 04 22:00:00 +0000 2012,Wed Jan 04 22:00:37 +0000 2012,Wed Jan 04 22:59:59 +0000 2012,0.10312450426368527
Wed Jan 04 23:00:00 +0000 2012,Wed Jan 04 23:01:01 +0000 2012,Wed Jan 04 23:59:45 +0000 2012,0.0791433744688953
Thu Jan 05 00:00:00 +0000 2012,Thu Jan 05 00:00:41 +0000 2012,Thu Jan 05 00:59:36 +0000 2012,0.17110270612874787
Thu Jan 05 01:00:00 +0000 2012,Thu Jan 05 01:00:27 +0000 2012,Thu Jan 05 01:59:02 +0000 2012,0.1734163633084088
Thu Jan 05 02:00:00 +0000 2012,Thu Jan 05 02:00:52 +0000 2012,Thu Jan 05 02:59:52 +0000 2012,0.08172856635021183
Thu Jan 05 03:00:00 +0000 2012,Thu Jan 05 03:00:51 +0000 2012,Thu Jan 05 03:59:58 +0000 2012,0.09155045873746685
Thu Jan 05 04:00:00 +0000 2012,Thu Jan 05 04:00:57 +0000 2012,Thu Jan 05 04:59:39 +0000 2012,0.10831725873594313
Thu Jan 05 05:00:00 +0000 2012,Thu Jan 05 05:00:41 +0000 2012,Thu Jan 05 05:59:58 +0000 2012,0.05101259943174612
Thu Jan 05 07:00:00 +0000 2012,Thu Jan 05 07:00:55 +0000 2012,Thu Jan 05 07:59:51 +0000 2012,0.06902787941776035
Thu Jan 05 08:00:00 +0000 2012,Thu Jan 05 08:00:52 +0000 2012,Thu Jan 05 08:59:53 +0000 2012,0.07099470978713975
Thu Jan 05 09:00:00 +0000 2012,Thu Jan 05 09:00:48 +0000 2012,Thu Jan 05 09:59:48 +0000 2012,0.11817819725743835
Thu Jan 05 10:00:00 +0000 2012,Thu Jan 05 10:00:11 +0000 2012,Thu Jan 05 10:59:41 +0000 2012,0.12067669568491937
Thu Jan 05 11:00:00 +0000 2012,Thu Jan 05 11:00:17 +0000 2012,Thu Jan 05 11:59:59 +0000 2012,0.11894232037119966
Thu Jan 05 12:00:00 +0000 2012,Thu Jan 05 12:00:28 +0000 2012,Thu Jan 05 12:59:23 +0000 2012,0.0652072190452752
Thu Jan 05 13:00:00 +0000 2012,Thu Jan 05 13:00:54 +0000 2012,Thu Jan 05 13:59:59 +0000 2012,0.14412437268013711
Thu Jan 05 14:00:00 +0000 2012,Thu Jan 05 14:00:37 +0000 2012,Thu Jan 05 14:59:53 +0000 2012,0.1272711442777009
Thu Jan 05 15:00:00 +0000 2012,Thu Jan 05 15:00:53 +0000 2012,Thu Jan 05 15:59:44 +0000 2012,0.10544495319926904
Thu Jan 05 16:00:00 +0000 2012,Thu Jan 05 16:00:54 +0000 2012,Thu Jan 05 16:59:55 +0000 2012,0.10591351863158854
Thu Jan 05 17:00:00 +0000 2012,Thu Jan 05 17:00:49 +0000 2012,Thu Jan 05 17:59:44 +0000 2012,0.09890079459024771
Thu Jan 05 18:00:00 +0000 2012,Thu Jan 05 18:00:58 +0000 2012,Thu Jan 05 18:59:25 +0000 2012,0.11016504078483244
Thu Jan 05 19:00:00 +0000 2012,Thu Jan 05 19:00:51 +0000 2012,Thu Jan 05 19:59:44 +0000 2012,0.0773287303814695
Thu Jan 05 20:00:00 +0000 2012,Thu Jan 05 20:00:59 +0000 2012,Thu Jan 05 20:59:52 +0000 2012,0.113223914362257
Thu Jan 05 21:00:00 +0000 2012,Thu Jan 05 21:00:54 +0000 2012,Thu Jan 05 21:59:40 +0000 2012,0.09806689897128887
Thu Jan 05 22:00:00 +0000 2012,Thu Jan 05 22:00:53 +0000 2012,Thu Jan 05 22:59:50 +0000 2012,0.10070578425853044
Thu Jan 05 23:00:00 +0000 2012,Thu Jan 05 23:00:59 +0000 2012,Thu Jan 05 23:59:49 +0000 2012,0.10613805666242107
Fri Jan 06 00:00:00 +0000 2012,Fri Jan 06 00:00:59 +0000 2012,Fri Jan 06 00:59:48 +0000 2012,0.08418659682675679
Fri Jan 06 01:00:00 +0000 2012,Fri Jan 06 01:00:55 +0000 2012,Fri Jan 06 01:58:38 +0000 2012,0.08430415984807219
Fri Jan 06 02:00:00 +0000 2012,Fri Jan 06 02:00:49 +0000 2012,Fri Jan 06 02:59:51 +0000 2012,0.04687283048741383
Fri Jan 06 03:00:00 +0000 2012,Fri Jan 06 03:00:40 +0000 2012,Fri Jan 06 03:59:43 +0000 2012,0.0795818438500099
Fri Jan 06 04:00:00 +0000 2012,Fri Jan 06 04:00:52 +0000 2012,Fri Jan 06 04:59:27 +0000 2012,0.07218336803966421
Fri Jan 06 05:00:00 +0000 2012,Fri Jan 06 05:00:45 +0000 2012,Fri Jan 06 05:59:45 +0000 2012,0.12464724042818819
Fri Jan 06 07:00:00 +0000 2012,Fri Jan 06 07:00:54 +0000 2012,Fri Jan 06 07:59:20 +0000 2012,0.15053827355636565
Fri Jan 06 08:00:00 +0000 2012,Fri Jan 06 08:00:51 +0000 2012,Fri Jan 06 08:59:19 +0000 2012,0.09919821319253135
Fri Jan 06 09:00:00 +0000 2012,Fri Jan 06 09:00:36 +0000 2012,Fri Jan 06 09:59:57 +0000 2012,0.13508794900535967
Fri Jan 06 10:00:00 +0000 2012,Fri Jan 06 10:00:29 +0000 2012,Fri Jan 06 10:59:44 +0000 2012,0.07944078163712599
Fri Jan 06 11:00:00 +0000 2012,Fri Jan 06 11:00:11 +0000 2012,Fri Jan 06 11:59:26 +0000 2012,0.05724552560234379
Fri Jan 06 12:00:00 +0000 2012,Fri Jan 06 12:00:49 +0000 2012,Fri Jan 06 12:59:47 +0000 2012,0.10168717542820696
Fri Jan 06 13:00:00 +0000 2012,Fri Jan 06 13:00:50 +0000 2012,Fri Jan 06 13:59:54 +0000 2012,0.09644640727713646
Fri Jan 06 14:00:00 +0000 2012,Fri Jan 06 14:00:55 +0000 2012,Fri Jan 06 14:59:46 +0000 2012,0.11245973281507861
Fri Jan 06 15:00:00 +0000 2012,Fri Jan 06 15:00:31 +0000 2012,Fri Jan 06 15:59:26 +0000 2012,0.11838284326888648
Fri Jan 06 16:00:00 +0000 2012,Fri Jan 06 16:00:57 +0000 2012,Fri Jan 06 16:59:59 +0000 2012,0.12365636424059663
Fri Jan 06 17:00:00 +0000 2012,Fri Jan 06 17:00:46 +0000 2012,Fri Jan 06 17:59:56 +0000 2012,0.09351332497326331
Fri Jan 06 18:00:00 +0000 2012,Fri Jan 06 18:00:23 +0000 2012,Fri Jan 06 18:59:51 +0000 2012,0.10338826956846191
Fri Jan 06 19:00:00 +0000 2012,Fri Jan 06 19:00:49 +0000 2012,Fri Jan 06 19:59:36 +0000 2012,0.07909741584529717
Fri Jan 06 20:00:00 +0000 2012,Fri Jan 06 20:00:31 +0000 2012,Fri Jan 06 20:59:43 +0000 2012,0.07932217004317701
Fri Jan 06 21:00:00 +0000 2012,Fri Jan 06 21:00:52 +0000 2012,Fri Jan 06 21:59:43 +0000 2012,0.030850241101430097
Fri Jan 06 22:00:00 +0000 2012,Fri Jan 06 22:00:55 +0000 2012,Fri Jan 06 22:59:59 +0000 2012,0.11210686752378643
Fri Jan 06 23:00:00 +0000 2012,Fri Jan 06 23:00:57 +0000 2012,Fri Jan 06 23:59:56 +0000 2012,0.12814996881012505
Sat Jan 07 00:00:00 +0000 2012,Sat Jan 07 00:00:59 +0000 2012,Sat Jan 07 00:59:05 +0000 2012,0.10057710115164542
Sat Jan 07 01:00:00 +0000 2012,Sat Jan 07 01:00:56 +0000 2012,Sat Jan 07 01:59:10 +0000 2012,0.09693507920202836
Sat Jan 07 02:00:00 +0000 2012,Sat Jan 07 02:00:51 +0000 2012,Sat Jan 07 02:59:40 +0000 2012,0.11163775845950866
Sat Jan 07 03:00:00 +0000 2012,Sat Jan 07 03:00:30 +0000 2012,Sat Jan 07 03:59:33 +0000 2012,0.09173026398140892
Sat Jan 07 04:00:00 +0000 2012,Sat Jan 07 04:00:56 +0000 2012,Sat Jan 07 04:59:45 +0000 2012,0.10907654898149689
Sat Jan 07 05:00:00 +0000 2012,Sat Jan 07 05:00:35 +0000 2012,Sat Jan 07 05:59:58 +0000 2012,0.10567731787289975
Sat Jan 07 07:00:00 +0000 2012,Sat Jan 07 07:00:25 +0000 2012,Sat Jan 07 07:59:49 +0000 2012,0.08037467576002634
Sat Jan 07 08:00:00 +0000 2012,Sat Jan 07 08:00:29 +0000 2012,Sat Jan 07 08:59:38 +0000 2012,0.050127758920372564
Sat Jan 07 09:00:00 +0000 2012,Sat Jan 07 09:00:16 +0000 2012,Sat Jan 07 09:59:42 +0000 2012,0.10670158652218842
Sat Jan 07 10:00:00 +0000 2012,Sat Jan 07 10:00:38 +0000 2012,Sat Jan 07 10:59:37 +0000 2012,0.11839066060978262
Sat Jan 07 11:00:00 +0000 2012,Sat Jan 07 11:00:03 +0000 2012,Sat Jan 07 11:59:55 +0000 2012,0.11411637968041234
Sat Jan 07 12:00:00 +0000 2012,Sat Jan 07 12:00:48 +0000 2012,Sat Jan 07 12:59:48 +0000 2012,0.1262691281710297
Sat Jan 07 13:00:00 +0000 2012,Sat Jan 07 13:00:58 +0000 2012,Sat Jan 07 13:59:43 +0000 2012,0.10366487612415642
Sat Jan 07 14:00:00 +0000 2012,Sat Jan 07 14:00:37 +0000 2012,Sat Jan 07 14:59:55 +0000 2012,0.05490016648421821
Sat Jan 07 15:00:00 +0000 2012,Sat Jan 07 15:00:53 +0000 2012,Sat Jan 07 15:59:48 +0000 2012,0.10374295200684087
Sat Jan 07 16:00:00 +0000 2012,Sat Jan 07 16:00:48 +0000 2012,Sat Jan 07 16:59:39 +0000 2012,0.0882701396169658
Sat Jan 07 17:00:00 +0000 2012,Sat Jan 07 17:00:57 +0000 2012,Sat Jan 07 17:59:58 +0000 2012,0.10936954543416405
Sat Jan 07 18:00:00 +0000 2012,Sat Jan 07 18:00:59 +0000 2012,Sat Jan 07 18:59:42 +0000 2012,0.10009741474293912
Sat Jan 07 19:00:00 +0000 2012,Sat Jan 07 19:00:31 +0000 2012,Sat Jan 07 19:59:45 +0000 2012,0.10871838590935813
Sat Jan 07 20:00:00 +0000 2012,Sat Jan 07 20:00:39 +0000 2012,Sat Jan 07 20:59:49 +0000 2012,0.12445139114539842
Sat Jan 07 21:00:00 +0000 2012,Sat Jan 07 21:00:58 +0000 2012,Sat Jan 07 21:59:05 +0000 2012,0.0761656941353269
Sat Jan 07 22:00:00 +0000 2012,Sat Jan 07 22:00:54 +0000 2012,Sat Jan 07 22:59:56 +0000 2012,0.11528734207983325
Sat Jan 07 23:00:00 +0000 2012,Sat Jan 07 23:00:56 +0000 2012,Sat Jan 07 23:59:58 +0000 2012,0.1099933925488745
Sun Jan 08 00:00:00 +0000 2012,Sun Jan 08 00:00:18 +0000 2012,Sun Jan 08 00:59:56 +0000 2012,0.05150875399220209
Sun Jan 08 01:00:00 +0000 2012,Sun Jan 08 01:00:36 +0000 2012,Sun Jan 08 01:59:44 +0000 2012,0.1157545613056977
Sun Jan 08 02:00:00 +0000 2012,Sun Jan 08 02:00:58 +0000 2012,Sun Jan 08 02:59:55 +0000 2012,0.0950686692320026
Sun Jan 08 03:00:00 +0000 2012,Sun Jan 08 03:00:46 +0000 2012,Sun Jan 08 03:59:44 +0000 2012,0.09728451930014433
Sun Jan 08 04:00:00 +0000 2012,Sun Jan 08 04:00:26 +0000 2012,Sun Jan 08 04:59:40 +0000 2012,0.12128230329576596
Sun Jan 08 05:00:00 +0000 2012,Sun Jan 08 05:00:52 +0000 2012,Sun Jan 08 05:59:59 +0000 2012,0.07725190378746413
Sun Jan 08 07:00:00 +0000 2012,Sun Jan 08 07:00:51 +0000 2012,Sun Jan 08 07:59:57 +0000 2012,0.08108819667612714
Sun Jan 08 08:00:00 +0000 2012,Sun Jan 08 08:00:34 +0000 2012,Sun Jan 08 08:59:59 +0000 2012,0.09849583224015043
Sun Jan 08 09:00:00 +0000 2012,Sun Jan 08 09:00:17 +0000 2012,Sun Jan 08 09:59:01 +0000 2012,0.09401223672470882
Sun Jan 08 10:00:00 +0000 2012,Sun Jan 08 10:00:55 +0000 2012,Sun Jan 08 10:59:27 +0000 2012,0.057109768581808065
Sun Jan 08 11:00:00 +0000 2012,Sun Jan 08 11:00:15 +0000 2012,Sun Jan 08 11:59:35 +0000 2012,0.10924194876363245
Sun Jan 08 12:00:00 +0000 2012,Sun Jan 08 12:00:07 +0000 2012,Sun Jan 08 12:59:45 +0000 2012,0.15714796141052753
Sun Jan 08 13:00:00 +0000 2012,Sun Jan 08 13:00:38 +0000 2012,Sun Jan 08 13:59:30 +0000 2012,0.10705334859665999
Sun Jan 08 14:00:00 +0000 2012,Sun Jan 08 14:00:40 +0000 2012,Sun Jan 08 14:59:49 +0000 2012,0.05994550201350627
Sun Jan 08 15:00:00 +0000 2012,Sun Jan 08 15:00:57 +0000 2012,Sun Jan 08 15:59:49 +0000 2012,0.0679241871121489
Sun Jan 08 16:00:00 +0000 2012,Sun Jan 08 16:00:57 +0000 2012,Sun Jan 08 16:59:14 +0000 2012,0.08370514046506108
Sun Jan 08 17:00:00 +0000 2012,Sun Jan 08 17:00:58 +0000 2012,Sun Jan 08 17:59:55 +0000 2012,0.07368090646401658
Sun Jan 08 18:00:00 +0000 2012,Sun Jan 08 18:00:28 +0000 2012,Sun Jan 08 18:59:44 +0000 2012,0.06503133822922108
Sun Jan 08 19:00:00 +0000 2012,Sun Jan 08 19:00:55 +0000 2012,Sun Jan 08 19:59:46 +0000 2012,0.027995675093480155
Sun Jan 08 20:00:00 +0000 2012,Sun Jan 08 20:00:56 +0000 2012,Sun Jan 08 20:59:13 +0000 2012,0.08963134280259356
Sun Jan 08 21:00:00 +0000 2012,Sun Jan 08 21:00:43 +0000 2012,Sun Jan 08 21:59:54 +0000 2012,0.12279863612743078
Sun Jan 08 22:00:00 +0000 2012,Sun Jan 08 22:00:56 +0000 2012,Sun Jan 08 22:59:49 +0000 2012,0.11097529375932445
Sun Jan 08 23:00:00 +0000 2012,Sun Jan 08 23:00:53 +0000 2012,Sun Jan 08 23:59:30 +0000 2012,0.12295454610244487
Mon Jan 09 00:00:00 +0000 2012,Mon Jan 09 00:00:52 +0000 2012,Mon Jan 09 00:59:27 +0000 2012,0.07860135268859225
Mon Jan 09 01:00:00 +0000 2012,Mon Jan 09 01:00:41 +0000 2012,Mon Jan 09 01:59:54 +0000 2012,0.03853143800188137
Mon Jan 09 02:00:00 +0000 2012,Mon Jan 09 02:00:32 +0000 2012,Mon Jan 09 02:59:57 +0000 2012,0.054668707734120865
Mon Jan 09 03:00:00 +0000 2012,Mon Jan 09 03:00:59 +0000 2012,Mon Jan 09 03:59:54 +0000 2012,0.08441950657068696
Mon Jan 09 04:00:00 +0000 2012,Mon Jan 09 04:00:54 +0000 2012,Mon Jan 09 04:59:57 +0000 2012,0.09517254013347763
Mon Jan 09 05:00:00 +0000 2012,Mon Jan 09 05:00:17 +0000 2012,Mon Jan 09 05:59:31 +0000 2012,0.07101180916898278
Mon Jan 09 07:00:00 +0000 2012,Mon Jan 09 07:00:55 +0000 2012,Mon Jan 09 07:59:42 +0000 2012,0.12477977229073721
Mon Jan 09 08:00:00 +0000 2012,Mon Jan 09 08:00:31 +0000 2012,Mon Jan 09 08:58:33 +0000 2012,0.06123148101175446
Mon Jan 09 09:00:00 +0000 2012,Mon Jan 09 09:00:42 +0000 2012,Mon Jan 09 09:59:58 +0000 2012,0.12056854905696983
Mon Jan 09 10:00:00 +0000 2012,Mon Jan 09 10:00:18 +0000 2012,Mon Jan 09 10:58:53 +0000 2012,0.14480743583016312
Mon Jan 09 11:00:00 +0000 2012,Mon Jan 09 11:00:48 +0000 2012,Mon Jan 09 11:59:48 +0000 2012,0.08073069985569985
Mon Jan 09 12:00:00 +0000 2012,Mon Jan 09 12:00:32 +0000 2012,Mon Jan 09 12:59:38 +0000 2012,0.059591950696823576
Mon Jan 09 13:00:00 +0000 2012,Mon Jan 09 13:00:55 +0000 2012,Mon Jan 09 13:59:53 +0000 2012,0.06301870049960329
Mon Jan 09 14:00:00 +0000 2012,Mon Jan 09 14:00:47 +0000 2012,Mon Jan 09 14:59:41 +0000 2012,0.08459622253573147
Mon Jan 09 15:00:00 +0000 2012,Mon Jan 09 15:00:49 +0000 2012,Mon Jan 09 15:59:45 +0000 2012,0.1252112760922028
Mon Jan 09 16:00:00 +0000 2012,Mon Jan 09 16:00:43 +0000 2012,Mon Jan 09 16:59:56 +0000 2012,0.10125110097423691
Mon Jan 09 17:00:00 +0000 2012,Mon Jan 09 17:00:43 +0000 2012,Mon Jan 09 17:59:57 +0000 2012,0.14992623948066214
Mon Jan 09 18:00:00 +0000 2012,Mon Jan 09 18:00:51 +0000 2012,Mon Jan 09 18:59:47 +0000 2012,0.15599858276335468
Mon Jan 09 19:00:00 +0000 2012,Mon Jan 09 19:00:50 +0000 2012,Mon Jan 09 19:59:55 +0000 2012,0.09386079484911951
Mon Jan 09 20:00:00 +0000 2012,Mon Jan 09 20:00:56 +0000 2012,Mon Jan 09 20:59:54 +0000 2012,0.06862905238729892
Mon Jan 09 21:00:00 +0000 2012,Mon Jan 09 21:00:46 +0000 2012,Mon Jan 09 21:59:55 +0000 2012,0.0891436095141984
Mon Jan 09 22:00:00 +0000 2012,Mon Jan 09 22:00:59 +0000 2012,Mon Jan 09 22:59:52 +0000 2012,0.0863434301829949
Mon Jan 09 23:00:00 +0000 2012,Mon Jan 09 23:00:46 +0000 2012,Mon Jan 09 23:59:56 +0000 2012,0.10794850801572033
Tue Jan 10 00:00:00 +0000 2012,Tue Jan 10 00:00:59 +0000 2012,Tue Jan 10 00:59:51 +0000 2012,0.1151808444960645
Tue Jan 10 01:00:00 +0000 2012,Tue Jan 10 01:00:58 +0000 2012,Tue Jan 10 01:59:58 +0000 2012,0.09685558380537046
Tue Jan 10 02:00:00 +0000 2012,Tue Jan 10 02:00:37 +0000 2012,Tue Jan 10 02:59:46 +0000 2012,0.07935646231521239
Tue Jan 10 03:00:00 +0000 2012,Tue Jan 10 03:00:31 +0000 2012,Tue Jan 10 03:59:58 +0000 2012,0.08591402320215882
Tue Jan 10 04:00:00 +0000 2012,Tue Jan 10 04:00:56 +0000 2012,Tue Jan 10 04:59:53 +0000 2012,0.13270636830858185
Tue Jan 10 05:00:00 +0000 2012,Tue Jan 10 05:00:58 +0000 2012,Tue Jan 10 05:59:35 +0000 2012,0.08711234615659326
Tue Jan 10 07:00:00 +0000 2012,Tue Jan 10 07:00:41 +0000 2012,Tue Jan 10 07:59:40 +0000 2012,0.06531539727633476
Tue Jan 10 08:00:00 +0000 2012,Tue Jan 10 08:00:46 +0000 2012,Tue Jan 10 08:59:58 +0000 2012,0.11757906209954298
Tue Jan 10 09:00:00 +0000 2012,Tue Jan 10 09:00:26 +0000 2012,Tue Jan 10 09:59:56 +0000 2012,0.07708109091399909
Tue Jan 10 10:00:00 +0000 2012,Tue Jan 10 10:00:50 +0000 2012,Tue Jan 10 10:59:28 +0000 2012,0.16239480669793174
Tue Jan 10 11:00:00 +0000 2012,Tue Jan 10 11:00:59 +0000 2012,Tue Jan 10 11:59:37 +0000 2012,0.07796191225532358
Tue Jan 10 12:00:00 +0000 2012,Tue Jan 10 12:00:59 +0000 2012,Tue Jan 10 12:59:54 +0000 2012,0.09797645786976898
Tue Jan 10 13:00:00 +0000 2012,Tue Jan 10 13:00:46 +0000 2012,Tue Jan 10 13:59:51 +0000 2012,0.06417161979497274
Tue Jan 10 14:00:00 +0000 2012,Tue Jan 10 14:00:08 +0000 2012,Tue Jan 10 14:59:51 +0000 2012,0.12928872805699657
Tue Jan 10 15:00:00 +0000 2012,Tue Jan 10 15:00:50 +0000 2012,Tue Jan 10 15:59:53 +0000 2012,0.08435962538250166
Tue Jan 10 16:00:00 +0000 2012,Tue Jan 10 16:00:46 +0000 2012,Tue Jan 10 16:59:52 +0000 2012,0.09001319960081702
Tue Jan 10 17:00:00 +0000 2012,Tue Jan 10 17:00:30 +0000 2012,Tue Jan 10 17:59:23 +0000 2012,0.09605985631712026
Tue Jan 10 18:00:00 +0000 2012,Tue Jan 10 18:00:54 +0000 2012,Tue Jan 10 18:59:49 +0000 2012,0.09305867827730584
Tue Jan 10 19:00:00 +0000 2012,Tue Jan 10 19:00:59 +0000 2012,Tue Jan 10 19:59:50 +0000 2012,0.0719066441339633
Tue Jan 10 20:00:00 +0000 2012,Tue Jan 10 20:00:57 +0000 2012,Tue Jan 10 20:59:57 +0000 2012,0.027559509046486526
Tue Jan 10 21:00:00 +0000 2012,Tue Jan 10 21:00:54 +0000 2012,Tue Jan 10 21:59:51 +0000 2012,0.05782978003812324
Tue Jan 10 22:00:00 +0000 2012,Tue Jan 10 22:00:43 +0000 2012,Tue Jan 10 22:59:52 +0000 2012,0.10699757882613785
Tue Jan 10 23:00:00 +0000 2012,Tue Jan 10 23:00:55 +0000 2012,Tue Jan 10 23:59:44 +0000 2012,0.12570603223753027
Wed Jan 11 00:00:00 +0000 2012,Wed Jan 11 00:00:59 +0000 2012,Wed Jan 11 00:59:46 +0000 2012,0.1344590029334118
Wed Jan 11 01:00:00 +0000 2012,Wed Jan 11 01:00:41 +0000 2012,Wed Jan 11 01:59:55 +0000 2012,0.10443722629510056
Wed Jan 11 02:00:00 +0000 2012,Wed Jan 11 02:00:59 +0000 2012,Wed Jan 11 02:59:30 +0000 2012,0.12920478994224655
Wed Jan 11 03:00:00 +0000 2012,Wed Jan 11 03:00:57 +0000 2012,Wed Jan 11 03:59:51 +0000 2012,0.07634013155371831
Wed Jan 11 04:00:00 +0000 2012,Wed Jan 11 04:00:45 +0000 2012,Wed Jan 11 04:59:41 +0000 2012,0.08224412141515088
Wed Jan 11 05:00:00 +0000 2012,Wed Jan 11 05:00:57 +0000 2012,Wed Jan 11 05:59:57 +0000 2012,0.13200949272155577
Wed Jan 11 07:00:00 +0000 2012,Wed Jan 11 07:00:57 +0000 2012,Wed Jan 11 07:59:19 +0000 2012,0.13732819908266336
Wed Jan 11 08:00:00 +0000 2012,Wed Jan 11 08:00:56 +0000 2012,Wed Jan 11 08:59:52 +0000 2012,0.08699812307713252
Wed Jan 11 09:00:00 +0000 2012,Wed Jan 11 09:00:04 +0000 2012,Wed Jan 11 09:58:53 +0000 2012,0.10272024994681243
Wed Jan 11 10:00:00 +0000 2012,Wed Jan 11 10:01:51 +0000 2012,Wed Jan 11 10:59:31 +0000 2012,0.11959774739621677
Wed Jan 11 11:00:00 +0000 2012,Wed Jan 11 11:00:55 +0000 2012,Wed Jan 11 11:59:51 +0000 2012,0.05135963316685719
Wed Jan 11 12:00:00 +0000 2012,Wed Jan 11 12:00:42 +0000 2012,Wed Jan 11 12:59:31 +0000 2012,0.07855887867087721
Wed Jan 11 13:00:00 +0000 2012,Wed Jan 11 13:01:54 +0000 2012,Wed Jan 11 13:59:55 +0000 2012,0.07942578677684674
Wed Jan 11 14:00:00 +0000 2012,Wed Jan 11 14:00:41 +0000 2012,Wed Jan 11 14:59:54 +0000 2012,0.11904940699067854
Wed Jan 11 15:00:00 +0000 2012,Wed Jan 11 15:00:55 +0000 2012,Wed Jan 11 15:59:45 +0000 2012,0.12341994808252889
Wed Jan 11 16:00:00 +0000 2012,Wed Jan 11 16:00:59 +0000 2012,Wed Jan 11 16:59:54 +0000 2012,0.09634125840404213
Wed Jan 11 17:00:00 +0000 2012,Wed Jan 11 17:00:57 +0000 2012,Wed Jan 11 17:59:56 +0000 2012,0.07200978531714006
Wed Jan 11 18:00:00 +0000 2012,Wed Jan 11 18:00:25 +0000 2012,Wed Jan 11 18:59:16 +0000 2012,0.08438173766911365
Wed Jan 11 19:00:00 +0000 2012,Wed Jan 11 19:00:32 +0000 2012,Wed Jan 11 19:59:19 +0000 2012,0.15954876815651556
Wed Jan 11 20:00:00 +0000 2012,Wed Jan 11 20:00:45 +0000 2012,Wed Jan 11 20:59:58 +0000 2012,0.07305398399592902
Wed Jan 11 21:00:00 +0000 2012,Wed Jan 11 21:00:29 +0000 2012,Wed Jan 11 21:59:59 +0000 2012,0.08292314442612066
Wed Jan 11 22:00:00 +0000 2012,Wed Jan 11 22:00:36 +0000 2012,Wed Jan 11 22:59:54 +0000 2012,0.11663478564469787
Wed Jan 11 23:00:00 +0000 2012,Wed Jan 11 23:00:57 +0000 2012,Wed Jan 11 23:59:48 +0000 2012,0.10852301027557537
Thu Jan 12 00:00:00 +0000 2012,Thu Jan 12 00:00:49 +0000 2012,Thu Jan 12 00:59:42 +0000 2012,0.08210205217166476
Thu Jan 12 01:00:00 +0000 2012,Thu Jan 12 01:00:52 +0000 2012,Thu Jan 12 01:59:56 +0000 2012,0.08681887786417172
Thu Jan 12 02:00:00 +0000 2012,Thu Jan 12 02:00:19 +0000 2012,Thu Jan 12 02:59:44 +0000 2012,0.1328859139286502
Thu Jan 12 03:00:00 +0000 2012,Thu Jan 12 03:00:42 +0000 2012,Thu Jan 12 03:59:08 +0000 2012,0.05742394936461787
Thu Jan 12 04:00:00 +0000 2012,Thu Jan 12 04:00:49 +0000 2012,Thu Jan 12 04:59:56 +0000 2012,0.11464775504235253
Thu Jan 12 05:00:00 +0000 2012,Thu Jan 12 05:00:47 +0000 2012,Thu Jan 12 05:59:13 +0000 2012,0.10923125479121572
Thu Jan 12 07:00:00 +0000 2012,Thu Jan 12 07:00:38 +0000 2012,Thu Jan 12 07:59:18 +0000 2012,0.05167467719649323
Thu Jan 12 08:00:00 +0000 2012,Thu Jan 12 08:00:14 +0000 2012,Thu Jan 12 08:57:28 +0000 2012,0.08523987646802572
Thu Jan 12 09:00:00 +0000 2012,Thu Jan 12 09:00:47 +0000 2012,Thu Jan 12 09:59:54 +0000 2012,0.10996274484971295
Thu Jan 12 10:00:00 +0000 2012,Thu Jan 12 10:00:56 +0000 2012,Thu Jan 12 10:59:59 +0000 2012,0.1218619137528281
Thu Jan 12 11:00:00 +0000 2012,Thu Jan 12 11:00:57 +0000 2012,Thu Jan 12 11:59:35 +0000 2012,0.07265567285614458
Thu Jan 12 12:00:00 +0000 2012,Thu Jan 12 12:01:33 +0000 2012,Thu Jan 12 12:59:45 +0000 2012,0.1512563504464679
Thu Jan 12 13:00:00 +0000 2012,Thu Jan 12 13:00:19 +0000 2012,Thu Jan 12 13:59:50 +0000 2012,0.08790718945406445
Thu Jan 12 14:00:00 +0000 2012,Thu Jan 12 14:00:41 +0000 2012,Thu Jan 12 14:59:15 +0000 2012,0.13447344348425175
Thu Jan 12 15:00:00 +0000 2012,Thu Jan 12 15:00:45 +0000 2012,Thu Jan 12 15:59:59 +0000 2012,0.10771899033646157
Thu Jan 12 16:00:00 +0000 2012,Thu Jan 12 16:00:56 +0000 2012,Thu Jan 12 16:59:47 +0000 2012,0.09444381647801788
Thu Jan 12 17:00:00 +0000 2012,Thu Jan 12 17:00:45 +0000 2012,Thu Jan 12 17:59:31 +0000 2012,0.06410916880234376
Thu Jan 12 18:00:00 +0000 2012,Thu Jan 12 18:00:28 +0000 2012,Thu Jan 12 18:59:38 +0000 2012,0.12843097030605163
Thu Jan 12 19:00:00 +0000 2012,Thu Jan 12 19:00:50 +0000 2012,Thu Jan 12 19:59:49 +0000 2012,0.1199492557402921
Thu Jan 12 20:00:00 +0000 2012,Thu Jan 12 20:00:45 +0000 2012,Thu Jan 12 20:59:33 +0000 2012,0.10869632992875182
Thu Jan 12 21:00:00 +0000 2012,Thu Jan 12 21:00:40 +0000 2012,Thu Jan 12 21:59:56 +0000 2012,0.10029932292737022
Thu Jan 12 22:00:00 +0000 2012,Thu Jan 12 22:00:59 +0000 2012,Thu Jan 12 22:59:59 +0000 2012,0.07889113219234642
Thu Jan 12 23:00:00 +0000 2012,Thu Jan 12 23:00:55 +0000 2012,Thu Jan 12 23:59:32 +0000 2012,0.051446142380914196
Fri Jan 13 00:00:00 +0000 2012,Fri Jan 13 00:00:58 +0000 2012,Fri Jan 13 00:59:47 +0000 2012,0.1168924748027853
Fri Jan 13 01:00:00 +0000 2012,Fri Jan 13 01:00:36 +0000 2012,Fri Jan 13 01:58:43 +0000 2012,0.0681686560035968
Fri Jan 13 02:00:00 +0000 2012,Fri Jan 13 02:00:47 +0000 2012,Fri Jan 13 02:59:26 +0000 2012,0.0441043267902457
Fri Jan 13 03:00:00 +0000 2012,Fri Jan 13 03:00:50 +0000 2012,Fri Jan 13 03:59:54 +0000 2012,0.12499082600738107
Fri Jan 13 04:00:00 +0000 2012,Fri Jan 13 04:00:56 +0000 2012,Fri Jan 13 04:59:25 +0000 2012,0.09570790372052686
Fri Jan 13 05:00:00 +0000 2012,Fri Jan 13 05:00:42 +0000 2012,Fri Jan 13 05:59:34 +0000 2012,0.08319829346736124
Fri Jan 13 07:00:00 +0000 2012,Fri Jan 13 07:00:38 +0000 2012,Fri Jan 13 07:59:38 +0000 2012,0.13368264697467286
Fri Jan 13 08:00:00 +0000 2012,Fri Jan 13 08:00:56 +0000 2012,Fri Jan 13 08:59:17 +0000 2012,0.1501738028893201
Fri Jan 13 09:00:00 +0000 2012,Fri Jan 13 09:00:42 +0000 2012,Fri Jan 13 09:59:36 +0000 2012,0.12296581753684026
Fri Jan 13 10:00:00 +0000 2012,Fri Jan 13 10:00:37 +0000 2012,Fri Jan 13 10:59:41 +0000 2012,0.0839702805974358
Fri Jan 13 11:00:00 +0000 2012,Fri Jan 13 11:01:51 +0000 2012,Fri Jan 13 11:58:50 +0000 2012,0.1162736756089029
Fri Jan 13 12:00:00 +0000 2012,Fri Jan 13 12:00:35 +0000 2012,Fri Jan 13 12:59:43 +0000 2012,0.1299683278490066
Fri Jan 13 13:00:00 +0000 2012,Fri Jan 13 13:00:51 +0000 2012,Fri Jan 13 13:59:28 +0000 2012,0.10537810862110432
Fri Jan 13 14:00:00 +0000 2012,Fri Jan 13 14:00:46 +0000 2012,Fri Jan 13 14:59:18 +0000 2012,0.08603297019129842
Fri Jan 13 15:00:00 +0000 2012,Fri Jan 13 15:00:59 +0000 2012,Fri Jan 13 15:59:58 +0000 2012,0.09493547706907772
Fri Jan 13 16:00:00 +0000 2012,Fri Jan 13 16:00:54 +0000 2012,Fri Jan 13 16:59:47 +0000 2012,0.06892412092151676
Fri Jan 13 17:00:00 +0000 2012,Fri Jan 13 17:00:45 +0000 2012,Fri Jan 13 17:59:52 +0000 2012,0.08507998729805909
Fri Jan 13 18:00:00 +0000 2012,Fri Jan 13 18:00:15 +0000 2012,Fri Jan 13 18:59:32 +0000 2012,0.09422672803499077
Fri Jan 13 19:00:00 +0000 2012,Fri Jan 13 19:00:01 +0000 2012,Fri Jan 13 19:59:47 +0000 2012,0.11497384289849365
Fri Jan 13 20:00:00 +0000 2012,Fri Jan 13 20:00:58 +0000 2012,Fri Jan 13 20:59:52 +0000 2012,0.12208958441797577
Fri Jan 13 21:00:00 +0000 2012,Fri Jan 13 21:00:51 +0000 2012,Fri Jan 13 21:59:55 +0000 2012,0.10432236218292092
Fri Jan 13 22:00:00 +0000 2012,Fri Jan 13 22:00:40 +0000 2012,Fri Jan 13 22:59:45 +0000 2012,0.09167050100518605
Fri Jan 13 23:00:00 +0000 2012,Fri Jan 13 23:00:40 +0000 2012,Fri Jan 13 23:59:48 +0000 2012,0.10008222497771152
Sat Jan 14 00:00:00 +0000 2012,Sat Jan 14 00:00:58 +0000 2012,Sat Jan 14 00:59:55 +0000 2012,0.09420036070218364
Sat Jan 14 01:00:00 +0000 2012,Sat Jan 14 01:00:45 +0000 2012,Sat Jan 14 01:59:06 +0000 2012,0.07684649723481117
Sat Jan 14 02:00:00 +0000 2012,Sat Jan 14 02:00:46 +0000 2012,Sat Jan 14 02:59:39 +0000 2012,0.07967689732142856
Sat Jan 14 03:00:00 +0000 2012,Sat Jan 14 03:00:47 +0000 2012,Sat Jan 14 03:59:58 +0000 2012,0.10060310037415542
Sat Jan 14 04:00:00 +0000 2012,Sat Jan 14 04:00:55 +0000 2012,Sat Jan 14 04:59:51 +0000 2012,0.07450607898812096
Sat Jan 14 05:00:00 +0000 2012,Sat Jan 14 05:00:58 +0000 2012,Sat Jan 14 05:59:15 +0000 2012,0.07841371761597457
Sat Jan 14 07:00:00 +0000 2012,Sat Jan 14 07:00:12 +0000 2012,Sat Jan 14 07:59:52 +0000 2012,0.06444414087183695
Sat Jan 14 08:00:00 +0000 2012,Sat Jan 14 08:00:49 +0000 2012,Sat Jan 14 08:59:30 +0000 2012,0.046524997664785614
Sat Jan 14 09:00:00 +0000 2012,Sat Jan 14 09:00:25 +0000 2012,Sat Jan 14 09:59:45 +0000 2012,0.1252171156915475
Sat Jan 14 10:00:00 +0000 2012,Sat Jan 14 10:00:41 +0000 2012,Sat Jan 14 10:59:31 +0000 2012,0.043525655585840775
Sat Jan 14 11:00:00 +0000 2012,Sat Jan 14 11:00:47 +0000 2012,Sat Jan 14 11:59:47 +0000 2012,0.06805839404890746
Sat Jan 14 12:00:00 +0000 2012,Sat Jan 14 12:00:55 +0000 2012,Sat Jan 14 12:59:50 +0000 2012,0.07728367226052411
Sat Jan 14 13:00:00 +0000 2012,Sat Jan 14 13:00:17 +0000 2012,Sat Jan 14 13:59:53 +0000 2012,0.11425280543851939
Sat Jan 14 14:00:00 +0000 2012,Sat Jan 14 14:00:45 +0000 2012,Sat Jan 14 14:59:57 +0000 2012,0.03908116382074717
Sat Jan 14 15:00:00 +0000 2012,Sat Jan 14 15:00:53 +0000 2012,Sat Jan 14 15:59:55 +0000 2012,0.12502818748040562
Sat Jan 14 16:00:00 +0000 2012,Sat Jan 14 16:00:50 +0000 2012,Sat Jan 14 16:59:57 +0000 2012,0.09420437397661974
Sat Jan 14 17:00:00 +0000 2012,Sat Jan 14 17:00:42 +0000 2012,Sat Jan 14 17:59:46 +0000 2012,0.061625921493629825
Sat Jan 14 18:00:00 +0000 2012,Sat Jan 14 18:00:39 +0000 2012,Sat Jan 14 18:59:44 +0000 2012,0.09941147073468619
Sat Jan 14 19:00:00 +0000 2012,Sat Jan 14 19:00:42 +0000 2012,Sat Jan 14 19:59:43 +0000 2012,0.09639298046610682
Sat Jan 14 20:00:00 +0000 2012,Sat Jan 14 20:00:57 +0000 2012,Sat Jan 14 20:59:56 +0000 2012,0.12868165965292552
Sat Jan 14 21:00:00 +0000 2012,Sat Jan 14 21:01:47 +0000 2012,Sat Jan 14 21:58:32 +0000 2012,0.05411023908462924
Sat Jan 14 22:00:00 +0000 2012,Sat Jan 14 22:00:59 +0000 2012,Sat Jan 14 22:59:06 +0000 2012,0.09678275910322039
Sat Jan 14 23:00:00 +0000 2012,Sat Jan 14 23:00:31 +0000 2012,Sat Jan 14 23:59:54 +0000 2012,0.08562312123173511
Sun Jan 15 00:00:00 +0000 2012,Sun Jan 15 00:00:56 +0000 2012,Sun Jan 15 00:59:26 +0000 2012,0.04635923782689585
Sun Jan 15 01:00:00 +0000 2012,Sun Jan 15 01:01:54 +0000 2012,Sun Jan 15 01:59:36 +0000 2012,0.09757933714277388
Sun Jan 15 02:00:00 +0000 2012,Sun Jan 15 02:00:59 +0000 2012,Sun Jan 15 02:59:34 +0000 2012,0.10584129003647011
Sun Jan 15 03:00:00 +0000 2012,Sun Jan 15 03:00:57 +0000 2012,Sun Jan 15 03:59:54 +0000 2012,0.15300130815463506
Sun Jan 15 04:00:00 +0000 2012,Sun Jan 15 04:00:09 +0000 2012,Sun Jan 15 04:59:18 +0000 2012,0.10441735654316825
Sun Jan 15 05:00:00 +0000 2012,Sun Jan 15 05:00:36 +0000 2012,Sun Jan 15 05:59:50 +0000 2012,0.15199557666152488
Sun Jan 15 07:00:00 +0000 2012,Sun Jan 15 07:00:59 +0000 2012,Sun Jan 15 07:59:44 +0000 2012,0.07583029001721606
Sun Jan 15 08:00:00 +0000 2012,Sun Jan 15 08:00:39 +0000 2012,Sun Jan 15 08:58:00 +0000 2012,0.11591186670826338
Sun Jan 15 09:00:00 +0000 2012,Sun Jan 15 09:00:52 +0000 2012,Sun Jan 15 09:59:06 +0000 2012,0.09178228331951736
Sun Jan 15 10:00:00 +0000 2012,Sun Jan 15 10:00:16 +0000 2012,Sun Jan 15 10:59:24 +0000 2012,0.1023868606607404
Sun Jan 15 11:00:00 +0000 2012,Sun Jan 15 11:01:46 +0000 2012,Sun Jan 15 11:59:45 +0000 2012,0.1274967529989851
Sun Jan 15 12:00:00 +0000 2012,Sun Jan 15 12:00:47 +0000 2012,Sun Jan 15 12:59:48 +0000 2012,0.08067379777340714
Sun Jan 15 13:00:00 +0000 2012,Sun Jan 15 13:00:38 +0000 2012,Sun Jan 15 13:59:39 +0000 2012,0.13407846376017676
Sun Jan 15 14:00:00 +0000 2012,Sun Jan 15 14:01:52 +0000 2012,Sun Jan 15 14:59:27 +0000 2012,0.1274468407445382
Sun Jan 15 15:00:00 +0000 2012,Sun Jan 15 15:00:03 +0000 2012,Sun Jan 15 15:59:08 +0000 2012,0.13594121147927543
Sun Jan 15 16:00:00 +0000 2012,Sun Jan 15 16:00:48 +0000 2012,Sun Jan 15 16:59:59 +0000 2012,0.09682257790786117
Sun Jan 15 17:00:00 +0000 2012,Sun Jan 15 17:00:58 +0000 2012,Sun Jan 15 17:59:45 +0000 2012,0.07228498509990969
Sun Jan 15 18:00:00 +0000 2012,Sun Jan 15 18:00:45 +0000 2012,Sun Jan 15 18:59:55 +0000 2012,0.061657359592435027
Sun Jan 15 19:00:00 +0000 2012,Sun Jan 15 19:00:17 +0000 2012,Sun Jan 15 19:59:49 +0000 2012,0.1117324222261091
Sun Jan 15 20:00:00 +0000 2012,Sun Jan 15 20:00:40 +0000 2012,Sun Jan 15 20:59:57 +0000 2012,0.08027307356444259
Sun Jan 15 21:00:00 +0000 2012,Sun Jan 15 21:00:12 +0000 2012,Sun Jan 15 21:59:58 +0000 2012,0.059834019077282787
Sun Jan 15 22:00:00 +0000 2012,Sun Jan 15 22:00:23 +0000 2012,Sun Jan 15 22:59:19 +0000 2012,0.07763657332251082
Sun Jan 15 23:00:00 +0000 2012,Sun Jan 15 23:00:59 +0000 2012,Sun Jan 15 23:59:50 +0000 2012,0.04381810825578481
Mon Jan 16 00:00:00 +0000 2012,Mon Jan 16 00:00:53 +0000 2012,Mon Jan 16 00:59:56 +0000 2012,0.07220810598544974
Mon Jan 16 01:00:00 +0000 2012,Mon Jan 16 01:00:58 +0000 2012,Mon Jan 16 01:59:51 +0000 2012,0.0408076782165631
Mon Jan 16 02:00:00 +0000 2012,Mon Jan 16 02:00:45 +0000 2012,Mon Jan 16 02:59:45 +0000 2012,0.08503091951001003
Mon Jan 16 03:00:00 +0000 2012,Mon Jan 16 03:00:51 +0000 2012,Mon Jan 16 03:59:39 +0000 2012,0.09614291881471816
Mon Jan 16 04:00:00 +0000 2012,Mon Jan 16 04:00:35 +0000 2012,Mon Jan 16 04:59:54 +0000 2012,0.04773724327836769
Mon Jan 16 05:00:00 +0000 2012,Mon Jan 16 05:00:51 +0000 2012,Mon Jan 16 05:59:41 +0000 2012,0.13323013882267976
Mon Jan 16 07:00:00 +0000 2012,Mon Jan 16 07:00:58 +0000 2012,Mon Jan 16 07:59:47 +0000 2012,0.12897587859370865
Mon Jan 16 08:00:00 +0000 2012,Mon Jan 16 08:00:46 +0000 2012,Mon Jan 16 08:58:07 +0000 2012,0.09118201659451661
Mon Jan 16 09:00:00 +0000 2012,Mon Jan 16 09:00:05 +0000 2012,Mon Jan 16 09:58:57 +0000 2012,0.08993676462426461
Mon Jan 16 10:00:00 +0000 2012,Mon Jan 16 10:00:57 +0000 2012,Mon Jan 16 10:59:01 +0000 2012,0.08464647845068764
Mon Jan 16 11:00:00 +0000 2012,Mon Jan 16 11:00:55 +0000 2012,Mon Jan 16 11:59:35 +0000 2012,0.10928985230455822
Mon Jan 16 12:00:00 +0000 2012,Mon Jan 16 12:00:25 +0000 2012,Mon Jan 16 12:59:54 +0000 2012,0.0866703656303792
Mon Jan 16 13:00:00 +0000 2012,Mon Jan 16 13:00:13 +0000 2012,Mon Jan 16 13:59:49 +0000 2012,0.18404852737706673
Mon Jan 16 14:00:00 +0000 2012,Mon Jan 16 14:00:19 +0000 2012,Mon Jan 16 14:59:55 +0000 2012,0.08807219949471291
Mon Jan 16 15:00:00 +0000 2012,Mon Jan 16 15:00:41 +0000 2012,Mon Jan 16 15:59:53 +0000 2012,0.09993816374448251
Mon Jan 16 16:00:00 +0000 2012,Mon Jan 16 16:00:58 +0000 2012,Mon Jan 16 16:59:56 +0000 2012,0.12853667407052827
Mon Jan 16 17:00:00 +0000 2012,Mon Jan 16 17:00:56 +0000 2012,Mon Jan 16 17:59:45 +0000 2012,0.1151281462429032
Mon Jan 16 18:00:00 +0000 2012,Mon Jan 16 18:00:39 +0000 2012,Mon Jan 16 18:59:25 +0000 2012,0.07715765223211904
Mon Jan 16 19:00:00 +0000 2012,Mon Jan 16 19:00:56 +0000 2012,Mon Jan 16 19:59:58 +0000 2012,0.09231153787165439
Mon Jan 16 20:00:00 +0000 2012,Mon Jan 16 20:00:42 +0000 2012,Mon Jan 16 20:59:54 +0000 2012,0.0850680285939063
Mon Jan 16 21:00:00 +0000 2012,Mon Jan 16 21:00:52 +0000 2012,Mon Jan 16 21:59:52 +0000 2012,0.06831529601902701
Mon Jan 16 22:00:00 +0000 2012,Mon Jan 16 22:00:21 +0000 2012,Mon Jan 16 22:59:38 +0000 2012,0.11711589689550216
Mon Jan 16 23:00:00 +0000 2012,Mon Jan 16 23:00:59 +0000 2012,Mon Jan 16 23:59:50 +0000 2012,0.09667826672404808
Tue Jan 17 00:00:00 +0000 2012,Tue Jan 17 00:00:55 +0000 2012,Tue Jan 17 00:59:35 +0000 2012,0.08733923604366313
Tue Jan 17 01:00:00 +0000 2012,Tue Jan 17 01:00:25 +0000 2012,Tue Jan 17 01:59:57 +0000 2012,0.09391357084759018
Tue Jan 17 02:00:00 +0000 2012,Tue Jan 17 02:00:35 +0000 2012,Tue Jan 17 02:59:28 +0000 2012,0.10474808747893671
Tue Jan 17 03:00:00 +0000 2012,Tue Jan 17 03:00:53 +0000 2012,Tue Jan 17 03:59:37 +0000 2012,0.08288821946971127
Tue Jan 17 04:00:00 +0000 2012,Tue Jan 17 04:00:52 +0000 2012,Tue Jan 17 04:59:28 +0000 2012,0.10595228947979039
Tue Jan 17 05:00:00 +0000 2012,Tue Jan 17 05:00:49 +0000 2012,Tue Jan 17 05:59:52 +0000 2012,0.10560649399497826
Tue Jan 17 07:00:00 +0000 2012,Tue Jan 17 07:00:08 +0000 2012,Tue Jan 17 07:59:33 +0000 2012,0.10840486004411444
Tue Jan 17 08:00:00 +0000 2012,Tue Jan 17 08:00:59 +0000 2012,Tue Jan 17 08:59:28 +0000 2012,0.07882428971749564
Tue Jan 17 09:00:00 +0000 2012,Tue Jan 17 09:00:35 +0000 2012,Tue Jan 17 09:59:25 +0000 2012,0.0756542507170571
Tue Jan 17 10:00:00 +0000 2012,Tue Jan 17 10:00:59 +0000 2012,Tue Jan 17 10:59:44 +0000 2012,0.13029239037477672
Tue Jan 17 11:00:00 +0000 2012,Tue Jan 17 11:00:23 +0000 2012,Tue Jan 17 11:59:40 +0000 2012,0.15707940736035686
Tue Jan 17 12:00:00 +0000 2012,Tue Jan 17 12:00:23 +0000 2012,Tue Jan 17 12:59:49 +0000 2012,0.1553450904713701
Tue Jan 17 13:00:00 +0000 2012,Tue Jan 17 13:00:42 +0000 2012,Tue Jan 17 13:59:23 +0000 2012,0.10708454935679514
Tue Jan 17 14:00:00 +0000 2012,Tue Jan 17 14:00:41 +0000 2012,Tue Jan 17 14:59:37 +0000 2012,0.12331644194534003
Tue Jan 17 15:00:00 +0000 2012,Tue Jan 17 15:00:57 +0000 2012,Tue Jan 17 15:59:38 +0000 2012,0.10418592112271487
Tue Jan 17 16:00:00 +0000 2012,Tue Jan 17 16:00:57 +0000 2012,Tue Jan 17 16:59:54 +0000 2012,0.11430536337199415
Tue Jan 17 17:00:00 +0000 2012,Tue Jan 17 17:00:55 +0000 2012,Tue Jan 17 17:59:43 +0000 2012,0.06852802218444871
Tue Jan 17 18:00:00 +0000 2012,Tue Jan 17 18:00:55 +0000 2012,Tue Jan 17 18:59:59 +0000 2012,0.08661476379343612
Tue Jan 17 19:00:00 +0000 2012,Tue Jan 17 19:00:46 +0000 2012,Tue Jan 17 19:59:39 +0000 2012,0.09529776420199375
Tue Jan 17 20:00:00 +0000 2012,Tue Jan 17 20:00:50 +0000 2012,Tue Jan 17 20:59:57 +0000 2012,0.1338911031643933
Tue Jan 17 21:00:00 +0000 2012,Tue Jan 17 21:00:31 +0000 2012,Tue Jan 17 21:01:05 +0000 2012,0.0
Tue Jan 17 22:00:00 +0000 2012,Tue Jan 17 22:00:35 +0000 2012,Tue Jan 17 22:59:50 +0000 2012,0.08935670315911302
Tue Jan 17 23:00:00 +0000 2012,Tue Jan 17 23:00:47 +0000 2012,Tue Jan 17 23:59:41 +0000 2012,0.06479578596119154
Wed Jan 18 00:00:00 +0000 2012,Wed Jan 18 00:00:43 +0000 2012,Wed Jan 18 00:59:56 +0000 2012,0.11573337831435122
Wed Jan 18 01:00:00 +0000 2012,Wed Jan 18 01:00:58 +0000 2012,Wed Jan 18 01:59:45 +0000 2012,0.0769015575613658
Wed Jan 18 02:00:00 +0000 2012,Wed Jan 18 02:00:58 +0000 2012,Wed Jan 18 02:59:54 +0000 2012,0.08864550221804011
Wed Jan 18 03:00:00 +0000 2012,Wed Jan 18 03:00:30 +0000 2012,Wed Jan 18 03:59:59 +0000 2012,0.0901329805038063
Wed Jan 18 04:00:00 +0000 2012,Wed Jan 18 04:00:48 +0000 2012,Wed Jan 18 04:59:54 +0000 2012,0.12629218712421836
Wed Jan 18 05:00:00 +0000 2012,Wed Jan 18 05:00:41 +0000 2012,Wed Jan 18 05:59:36 +0000 2012,0.08789296055971862
Wed Jan 18 07:00:00 +0000 2012,Wed Jan 18 07:00:53 +0000 2012,Wed Jan 18 07:59:42 +0000 2012,0.08853287326149421
Wed Jan 18 08:00:00 +0000 2012,Wed Jan 18 08:00:00 +0000 2012,Wed Jan 18 08:59:39 +0000 2012,0.14657917903200926
Wed Jan 18 09:00:00 +0000 2012,Wed Jan 18 09:00:35 +0000 2012,Wed Jan 18 09:59:40 +0000 2012,0.06304405808312061
Wed Jan 18 10:00:00 +0000 2012,Wed Jan 18 10:00:55 +0000 2012,Wed Jan 18 10:58:32 +0000 2012,0.1580938446969697
Wed Jan 18 11:00:00 +0000 2012,Wed Jan 18 11:00:58 +0000 2012,Wed Jan 18 11:59:46 +0000 2012,0.09792940676747496
Wed Jan 18 12:00:00 +0000 2012,Wed Jan 18 12:00:54 +0000 2012,Wed Jan 18 12:59:49 +0000 2012,0.061647991216956737
Wed Jan 18 13:00:00 +0000 2012,Wed Jan 18 13:00:44 +0000 2012,Wed Jan 18 13:59:49 +0000 2012,0.13653157613648081
Wed Jan 18 14:00:00 +0000 2012,Wed Jan 18 14:00:13 +0000 2012,Wed Jan 18 14:59:54 +0000 2012,0.1211574788059163
Wed Jan 18 15:00:00 +0000 2012,Wed Jan 18 15:00:20 +0000 2012,Wed Jan 18 15:59:58 +0000 2012,0.07559108114108112
Wed Jan 18 16:00:00 +0000 2012,Wed Jan 18 16:00:54 +0000 2012,Wed Jan 18 16:59:04 +0000 2012,0.09820590226686289
Wed Jan 18 17:00:00 +0000 2012,Wed Jan 18 17:00:42 +0000 2012,Wed Jan 18 17:59:27 +0000 2012,0.10346247326400171
Wed Jan 18 18:00:00 +0000 2012,Wed Jan 18 18:00:56 +0000 2012,Wed Jan 18 18:59:59 +0000 2012,0.09589129717706918
Wed Jan 18 19:00:00 +0000 2012,Wed Jan 18 19:00:51 +0000 2012,Wed Jan 18 19:59:49 +0000 2012,0.14686922931276006
Wed Jan 18 20:00:00 +0000 2012,Wed Jan 18 20:00:45 +0000 2012,Wed Jan 18 20:59:59 +0000 2012,0.10069740270970516
Wed Jan 18 21:00:00 +0000 2012,Wed Jan 18 21:00:50 +0000 2012,Wed Jan 18 21:59:59 +0000 2012,0.11182679600688078
Wed Jan 18 22:00:00 +0000 2012,Wed Jan 18 22:00:22 +0000 2012,Wed Jan 18 22:59:32 +0000 2012,0.0637187447486927
Wed Jan 18 23:00:00 +0000 2012,Wed Jan 18 23:00:02 +0000 2012,Wed Jan 18 23:59:25 +0000 2012,0.11582864120374127
Thu Jan 19 00:00:00 +0000 2012,Thu Jan 19 00:00:35 +0000 2012,Thu Jan 19 00:59:59 +0000 2012,0.0888683245593183
Thu Jan 19 01:00:00 +0000 2012,Thu Jan 19 01:00:26 +0000 2012,Thu Jan 19 01:59:42 +0000 2012,0.06691303255599232
Thu Jan 19 02:00:00 +0000 2012,Thu Jan 19 02:00:57 +0000 2012,Thu Jan 19 02:59:33 +0000 2012,0.10257557414337075
Thu Jan 19 03:00:00 +0000 2012,Thu Jan 19 03:00:01 +0000 2012,Thu Jan 19 03:59:55 +0000 2012,0.10587517814666725
Thu Jan 19 04:00:00 +0000 2012,Thu Jan 19 04:00:33 +0000 2012,Thu Jan 19 04:59:57 +0000 2012,0.10182873172809617
Thu Jan 19 05:00:00 +0000 2012,Thu Jan 19 05:00:48 +0000 2012,Thu Jan 19 05:59:14 +0000 2012,0.09733392528493164
Thu Jan 19 07:00:00 +0000 2012,Thu Jan 19 07:00:51 +0000 2012,Thu Jan 19 07:59:58 +0000 2012,0.1705441204497808
Thu Jan 19 08:00:00 +0000 2012,Thu Jan 19 08:00:49 +0000 2012,Thu Jan 19 08:59:46 +0000 2012,0.0846024195169703
Thu Jan 19 09:00:00 +0000 2012,Thu Jan 19 09:00:40 +0000 2012,Thu Jan 19 09:59:43 +0000 2012,0.18835943570318564
Thu Jan 19 10:00:00 +0000 2012,Thu Jan 19 10:00:14 +0000 2012,Thu Jan 19 10:59:02 +0000 2012,0.12809257756132755
Thu Jan 19 11:00:00 +0000 2012,Thu Jan 19 11:00:14 +0000 2012,Thu Jan 19 11:59:57 +0000 2012,0.13374524104476934
Thu Jan 19 12:00:00 +0000 2012,Thu Jan 19 12:00:39 +0000 2012,Thu Jan 19 12:59:35 +0000 2012,0.1161972764958256
Thu Jan 19 13:00:00 +0000 2012,Thu Jan 19 13:00:54 +0000 2012,Thu Jan 19 13:59:57 +0000 2012,0.17280919513326629
Thu Jan 19 14:00:00 +0000 2012,Thu Jan 19 14:00:47 +0000 2012,Thu Jan 19 14:59:53 +0000 2012,0.1333470410325398
Thu Jan 19 15:00:00 +0000 2012,Thu Jan 19 15:00:58 +0000 2012,Thu Jan 19 15:59:59 +0000 2012,0.11427757539137075
Thu Jan 19 16:00:00 +0000 2012,Thu Jan 19 16:00:48 +0000 2012,Thu Jan 19 16:59:54 +0000 2012,0.10635055349852454
Thu Jan 19 17:00:00 +0000 2012,Thu Jan 19 17:00:43 +0000 2012,Thu Jan 19 17:59:58 +0000 2012,0.060979787941039414
Thu Jan 19 18:00:00 +0000 2012,Thu Jan 19 18:00:56 +0000 2012,Thu Jan 19 18:58:56 +0000 2012,0.10263384525347354
Thu Jan 19 19:00:00 +0000 2012,Thu Jan 19 19:00:49 +0000 2012,Thu Jan 19 19:59:55 +0000 2012,0.14883204183532905
Thu Jan 19 20:00:00 +0000 2012,Thu Jan 19 20:00:47 +0000 2012,Thu Jan 19 20:59:45 +0000 2012,0.08770295601756417
Thu Jan 19 21:00:00 +0000 2012,Thu Jan 19 21:00:18 +0000 2012,Thu Jan 19 21:59:27 +0000 2012,0.11492786658790873
Thu Jan 19 22:00:00 +0000 2012,Thu Jan 19 22:00:54 +0000 2012,Thu Jan 19 22:59:57 +0000 2012,0.08108797567690798
Thu Jan 19 23:00:00 +0000 2012,Thu Jan 19 23:00:39 +0000 2012,Thu Jan 19 23:59:44 +0000 2012,0.13306000404000495
Fri Jan 20 00:00:00 +0000 2012,Fri Jan 20 00:00:45 +0000 2012,Fri Jan 20 00:59:35 +0000 2012,0.1100877674949255
Fri Jan 20 01:00:00 +0000 2012,Fri Jan 20 01:00:47 +0000 2012,Fri Jan 20 01:59:45 +0000 2012,0.037584522906733364
Fri Jan 20 02:00:00 +0000 2012,Fri Jan 20 02:00:56 +0000 2012,Fri Jan 20 02:59:45 +0000 2012,0.10627104832045813
Fri Jan 20 03:00:00 +0000 2012,Fri Jan 20 03:00:52 +0000 2012,Fri Jan 20 03:59:53 +0000 2012,0.11646633978699905
Fri Jan 20 04:00:00 +0000 2012,Fri Jan 20 04:00:32 +0000 2012,Fri Jan 20 04:59:46 +0000 2012,0.07487952854498935
Fri Jan 20 05:00:00 +0000 2012,Fri Jan 20 05:00:29 +0000 2012,Fri Jan 20 05:59:38 +0000 2012,0.1769306640863844
Fri Jan 20 07:00:00 +0000 2012,Fri Jan 20 07:02:54 +0000 2012,Fri Jan 20 07:59:46 +0000 2012,0.12982058755741352
Fri Jan 20 08:00:00 +0000 2012,Fri Jan 20 08:01:04 +0000 2012,Fri Jan 20 08:59:28 +0000 2012,0.16329286608109153
Fri Jan 20 09:00:00 +0000 2012,Fri Jan 20 09:01:06 +0000 2012,Fri Jan 20 09:59:49 +0000 2012,0.12626727177434724
Fri Jan 20 10:00:00 +0000 2012,Fri Jan 20 10:00:45 +0000 2012,Fri Jan 20 10:59:39 +0000 2012,0.04565899798854344
Fri Jan 20 11:00:00 +0000 2012,Fri Jan 20 11:00:42 +0000 2012,Fri Jan 20 11:59:51 +0000 2012,0.07537995067476198
Fri Jan 20 12:00:00 +0000 2012,Fri Jan 20 12:01:42 +0000 2012,Fri Jan 20 12:59:34 +0000 2012,0.12409689314488419
Fri Jan 20 13:00:00 +0000 2012,Fri Jan 20 13:00:49 +0000 2012,Fri Jan 20 13:59:33 +0000 2012,0.06358257903712447
Fri Jan 20 14:00:00 +0000 2012,Fri Jan 20 14:00:44 +0000 2012,Fri Jan 20 14:59:45 +0000 2012,0.06194999737384794
Fri Jan 20 15:00:00 +0000 2012,Fri Jan 20 15:00:56 +0000 2012,Fri Jan 20 15:59:35 +0000 2012,0.11416794729647839
Fri Jan 20 16:00:00 +0000 2012,Fri Jan 20 16:00:47 +0000 2012,Fri Jan 20 16:59:58 +0000 2012,0.12015755924866094
Fri Jan 20 17:00:00 +0000 2012,Fri Jan 20 17:00:28 +0000 2012,Fri Jan 20 17:59:56 +0000 2012,0.09486177687089146
Fri Jan 20 18:00:00 +0000 2012,Fri Jan 20 18:00:39 +0000 2012,Fri Jan 20 18:59:57 +0000 2012,0.11558264277685625
Fri Jan 20 19:00:00 +0000 2012,Fri Jan 20 19:00:58 +0000 2012,Fri Jan 20 19:59:27 +0000 2012,0.09276566076404441
Fri Jan 20 20:00:00 +0000 2012,Fri Jan 20 20:00:53 +0000 2012,Fri Jan 20 20:59:54 +0000 2012,0.09309472895351653
Fri Jan 20 21:00:00 +0000 2012,Fri Jan 20 21:00:54 +0000 2012,Fri Jan 20 21:59:53 +0000 2012,0.10362079984626951
Fri Jan 20 22:00:00 +0000 2012,Fri Jan 20 22:00:59 +0000 2012,Fri Jan 20 22:59:53 +0000 2012,0.10637706039523204
Fri Jan 20 23:00:00 +0000 2012,Fri Jan 20 23:00:33 +0000 2012,Fri Jan 20 23:59:59 +0000 2012,0.08184699703400314
Sat Jan 21 00:00:00 +0000 2012,Sat Jan 21 00:00:54 +0000 2012,Sat Jan 21 00:59:40 +0000 2012,0.09450887538197679
Sat Jan 21 01:00:00 +0000 2012,Sat Jan 21 01:00:52 +0000 2012,Sat Jan 21 01:59:54 +0000 2012,0.098172218075886
Sat Jan 21 02:00:00 +0000 2012,Sat Jan 21 02:00:56 +0000 2012,Sat Jan 21 02:59:42 +0000 2012,0.05169429234842372
Sat Jan 21 03:00:00 +0000 2012,Sat Jan 21 03:00:59 +0000 2012,Sat Jan 21 03:59:57 +0000 2012,0.10526410038684034
Sat Jan 21 04:00:00 +0000 2012,Sat Jan 21 04:00:59 +0000 2012,Sat Jan 21 04:59:51 +0000 2012,0.06677252369138334
Sat Jan 21 05:00:00 +0000 2012,Sat Jan 21 05:00:44 +0000 2012,Sat Jan 21 05:59:31 +0000 2012,0.0853184933984722
Sat Jan 21 07:00:00 +0000 2012,Sat Jan 21 07:00:35 +0000 2012,Sat Jan 21 07:59:28 +0000 2012,0.14563408543178907
Sat Jan 21 08:00:00 +0000 2012,Sat Jan 21 08:00:45 +0000 2012,Sat Jan 21 08:59:23 +0000 2012,0.053429946789321794
Sat Jan 21 09:00:00 +0000 2012,Sat Jan 21 09:00:17 +0000 2012,Sat Jan 21 09:59:44 +0000 2012,0.08511145059564805
Sat Jan 21 10:00:00 +0000 2012,Sat Jan 21 10:00:53 +0000 2012,Sat Jan 21 10:59:44 +0000 2012,0.1401640184310639
Sat Jan 21 11:00:00 +0000 2012,Sat Jan 21 11:00:58 +0000 2012,Sat Jan 21 11:59:32 +0000 2012,0.059334631127083946
Sat Jan 21 12:00:00 +0000 2012,Sat Jan 21 12:00:42 +0000 2012,Sat Jan 21 12:59:49 +0000 2012,0.11060268058454446
Sat Jan 21 13:00:00 +0000 2012,Sat Jan 21 13:00:47 +0000 2012,Sat Jan 21 13:59:23 +0000 2012,0.13876888834436005
Sat Jan 21 14:00:00 +0000 2012,Sat Jan 21 14:00:41 +0000 2012,Sat Jan 21 14:59:53 +0000 2012,0.08926198606448878
Sat Jan 21 15:00:00 +0000 2012,Sat Jan 21 15:00:56 +0000 2012,Sat Jan 21 15:59:43 +0000 2012,0.09679020181893593
Sat Jan 21 16:00:00 +0000 2012,Sat Jan 21 16:00:40 +0000 2012,Sat Jan 21 16:59:50 +0000 2012,0.10448901902397668
Sat Jan 21 17:00:00 +0000 2012,Sat Jan 21 17:00:42 +0000 2012,Sat Jan 21 17:59:49 +0000 2012,0.0987659807399391
Sat Jan 21 18:00:00 +0000 2012,Sat Jan 21 18:00:48 +0000 2012,Sat Jan 21 18:59:38 +0000 2012,0.09666258755711882
Sat Jan 21 19:00:00 +0000 2012,Sat Jan 21 19:00:56 +0000 2012,Sat Jan 21 19:59:44 +0000 2012,0.07166287596951659
Sat Jan 21 20:00:00 +0000 2012,Sat Jan 21 20:00:39 +0000 2012,Sat Jan 21 20:59:52 +0000 2012,0.0839200693692881
Sat Jan 21 21:00:00 +0000 2012,Sat Jan 21 21:00:38 +0000 2012,Sat Jan 21 21:59:38 +0000 2012,0.12808095154886454
Sat Jan 21 22:00:00 +0000 2012,Sat Jan 21 22:01:48 +0000 2012,Sat Jan 21 22:59:59 +0000 2012,0.09231264271063121
Sat Jan 21 23:00:00 +0000 2012,Sat Jan 21 23:00:51 +0000 2012,Sat Jan 21 23:59:57 +0000 2012,0.09314087024485733
Sun Jan 22 00:00:00 +0000 2012,Sun Jan 22 00:00:34 +0000 2012,Sun Jan 22 00:59:56 +0000 2012,0.11023256656089363
Sun Jan 22 01:00:00 +0000 2012,Sun Jan 22 01:00:56 +0000 2012,Sun Jan 22 01:59:59 +0000 2012,0.08808308526095181
Sun Jan 22 02:00:00 +0000 2012,Sun Jan 22 02:00:25 +0000 2012,Sun Jan 22 02:59:56 +0000 2012,0.11833925237986388
Sun Jan 22 03:00:00 +0000 2012,Sun Jan 22 03:00:58 +0000 2012,Sun Jan 22 03:59:46 +0000 2012,0.11408131981258303
Sun Jan 22 04:00:00 +0000 2012,Sun Jan 22 04:00:53 +0000 2012,Sun Jan 22 04:59:00 +0000 2012,0.13393466618474595
Sun Jan 22 05:00:00 +0000 2012,Sun Jan 22 05:00:53 +0000 2012,Sun Jan 22 05:59:53 +0000 2012,0.08471088972205044
Sun Jan 22 07:00:00 +0000 2012,Sun Jan 22 07:00:11 +0000 2012,Sun Jan 22 07:59:55 +0000 2012,0.07888346018647355
Sun Jan 22 08:00:00 +0000 2012,Sun Jan 22 08:00:55 +0000 2012,Sun Jan 22 08:59:50 +0000 2012,0.08526346555380646
Sun Jan 22 09:00:00 +0000 2012,Sun Jan 22 09:00:29 +0000 2012,Sun Jan 22 09:58:48 +0000 2012,0.08528730592966705
Sun Jan 22 10:00:00 +0000 2012,Sun Jan 22 10:00:25 +0000 2012,Sun Jan 22 10:59:44 +0000 2012,0.11083441865899249
Sun Jan 22 11:00:00 +0000 2012,Sun Jan 22 11:00:39 +0000 2012,Sun Jan 22 11:59:06 +0000 2012,0.13997469686948855
Sun Jan 22 12:00:00 +0000 2012,Sun Jan 22 12:00:17 +0000 2012,Sun Jan 22 12:59:59 +0000 2012,0.09947495104721667
Sun Jan 22 13:00:00 +0000 2012,Sun Jan 22 13:00:31 +0000 2012,Sun Jan 22 13:59:44 +0000 2012,0.06162006169260633
Sun Jan 22 14:00:00 +0000 2012,Sun Jan 22 14:00:51 +0000 2012,Sun Jan 22 14:59:58 +0000 2012,0.07803573592670972
Sun Jan 22 15:00:00 +0000 2012,Sun Jan 22 15:00:49 +0000 2012,Sun Jan 22 15:59:52 +0000 2012,0.012367406998765228
Sun Jan 22 16:00:00 +0000 2012,Sun Jan 22 16:00:46 +0000 2012,Sun Jan 22 16:59:51 +0000 2012,0.08469213079427972
Sun Jan 22 17:00:00 +0000 2012,Sun Jan 22 17:00:40 +0000 2012,Sun Jan 22 17:59:53 +0000 2012,0.1548996085080566
Sun Jan 22 18:00:00 +0000 2012,Sun Jan 22 18:00:20 +0000 2012,Sun Jan 22 18:59:37 +0000 2012,0.058736123626549994
Sun Jan 22 19:00:00 +0000 2012,Sun Jan 22 19:00:55 +0000 2012,Sun Jan 22 19:59:39 +0000 2012,0.10568285553431657
Sun Jan 22 20:00:00 +0000 2012,Sun Jan 22 20:00:57 +0000 2012,Sun Jan 22 20:59:26 +0000 2012,0.09815570416126558
Sun Jan 22 21:00:00 +0000 2012,Sun Jan 22 21:00:47 +0000 2012,Sun Jan 22 21:59:49 +0000 2012,0.08741915522083553
Sun Jan 22 22:00:00 +0000 2012,Sun Jan 22 22:00:41 +0000 2012,Sun Jan 22 22:59:58 +0000 2012,0.08752257934285268
Sun Jan 22 23:00:00 +0000 2012,Sun Jan 22 23:00:50 +0000 2012,Sun Jan 22 23:58:59 +0000 2012,0.08860412065049848
Mon Jan 23 00:00:00 +0000 2012,Mon Jan 23 00:00:46 +0000 2012,Mon Jan 23 00:59:59 +0000 2012,0.07519081331205033
Mon Jan 23 01:00:00 +0000 2012,Mon Jan 23 01:00:31 +0000 2012,Mon Jan 23 01:59:24 +0000 2012,0.08204018373046446
Mon Jan 23 02:00:00 +0000 2012,Mon Jan 23 02:00:57 +0000 2012,Mon Jan 23 02:58:52 +0000 2012,0.02315252953929319
Mon Jan 23 03:00:00 +0000 2012,Mon Jan 23 03:00:44 +0000 2012,Mon Jan 23 03:59:56 +0000 2012,0.08229632919491413
Mon Jan 23 04:00:00 +0000 2012,Mon Jan 23 04:00:40 +0000 2012,Mon Jan 23 04:58:59 +0000 2012,0.040295738119725144
Mon Jan 23 05:00:00 +0000 2012,Mon Jan 23 05:00:45 +0000 2012,Mon Jan 23 05:59:50 +0000 2012,0.06898813321181742
Mon Jan 23 07:00:00 +0000 2012,Mon Jan 23 07:00:52 +0000 2012,Mon Jan 23 07:59:44 +0000 2012,0.10422455135252758
Mon Jan 23 08:00:00 +0000 2012,Mon Jan 23 08:00:51 +0000 2012,Mon Jan 23 08:59:17 +0000 2012,0.07937202681577682
Mon Jan 23 09:00:00 +0000 2012,Mon Jan 23 09:00:27 +0000 2012,Mon Jan 23 09:59:44 +0000 2012,0.14210494767892726
Mon Jan 23 10:00:00 +0000 2012,Mon Jan 23 10:00:15 +0000 2012,Mon Jan 23 10:59:58 +0000 2012,0.061103223951101314
Mon Jan 23 11:00:00 +0000 2012,Mon Jan 23 11:00:36 +0000 2012,Mon Jan 23 11:59:52 +0000 2012,0.08698757768431063
Mon Jan 23 12:00:00 +0000 2012,Mon Jan 23 12:00:52 +0000 2012,Mon Jan 23 12:59:41 +0000 2012,0.04847269003738301
Mon Jan 23 13:00:00 +0000 2012,Mon Jan 23 13:00:50 +0000 2012,Mon Jan 23 13:59:49 +0000 2012,0.13256139359152752
Mon Jan 23 14:00:00 +0000 2012,Mon Jan 23 14:00:29 +0000 2012,Mon Jan 23 14:59:01 +0000 2012,0.14628602292513326
Mon Jan 23 15:00:00 +0000 2012,Mon Jan 23 15:00:44 +0000 2012,Mon Jan 23 15:59:50 +0000 2012,0.10590620531565219
Mon Jan 23 16:00:00 +0000 2012,Mon Jan 23 16:00:50 +0000 2012,Mon Jan 23 16:59:43 +0000 2012,0.09748980195907052
Mon Jan 23 17:00:00 +0000 2012,Mon Jan 23 17:00:55 +0000 2012,Mon Jan 23 17:59:50 +0000 2012,0.0820122886613772
Mon Jan 23 18:00:00 +0000 2012,Mon Jan 23 18:00:48 +0000 2012,Mon Jan 23 18:59:59 +0000 2012,0.09014224424715496
Mon Jan 23 19:00:00 +0000 2012,Mon Jan 23 19:00:54 +0000 2012,Mon Jan 23 19:59:56 +0000 2012,0.12285098254369091
Mon Jan 23 20:00:00 +0000 2012,Mon Jan 23 20:00:32 +0000 2012,Mon Jan 23 20:59:49 +0000 2012,0.06955899547184363
Mon Jan 23 21:00:00 +0000 2012,Mon Jan 23 21:00:54 +0000 2012,Mon Jan 23 21:59:52 +0000 2012,0.10276138545257468
Mon Jan 23 22:00:00 +0000 2012,Mon Jan 23 22:00:59 +0000 2012,Mon Jan 23 22:59:46 +0000 2012,0.11833345043939464
Mon Jan 23 23:00:00 +0000 2012,Mon Jan 23 23:00:59 +0000 2012,Mon Jan 23 23:59:49 +0000 2012,0.07532334046483352
Tue Jan 24 00:00:00 +0000 2012,Tue Jan 24 00:00:55 +0000 2012,Tue Jan 24 00:59:47 +0000 2012,0.124391762416192
Tue Jan 24 01:00:00 +0000 2012,Tue Jan 24 01:00:50 +0000 2012,Tue Jan 24 01:59:44 +0000 2012,0.1097487211505258
Tue Jan 24 02:00:00 +0000 2012,Tue Jan 24 02:00:54 +0000 2012,Tue Jan 24 02:59:56 +0000 2012,0.08791037213559769
Tue Jan 24 03:00:00 +0000 2012,Tue Jan 24 03:00:31 +0000 2012,Tue Jan 24 03:59:49 +0000 2012,0.06096714315730933
Tue Jan 24 04:00:00 +0000 2012,Tue Jan 24 04:00:40 +0000 2012,Tue Jan 24 04:59:59 +0000 2012,0.09062900771103896
Tue Jan 24 05:00:00 +0000 2012,Tue Jan 24 05:00:17 +0000 2012,Tue Jan 24 05:59:16 +0000 2012,0.08217797510079712
Tue Jan 24 07:00:00 +0000 2012,Tue Jan 24 07:00:59 +0000 2012,Tue Jan 24 07:59:44 +0000 2012,0.13155537960923008
Tue Jan 24 08:00:00 +0000 2012,Tue Jan 24 08:00:46 +0000 2012,Tue Jan 24 08:59:29 +0000 2012,0.07605704807737383
Tue Jan 24 09:00:00 +0000 2012,Tue Jan 24 09:00:54 +0000 2012,Tue Jan 24 09:59:32 +0000 2012,0.10453559205033264
Tue Jan 24 10:00:00 +0000 2012,Tue Jan 24 10:00:40 +0000 2012,Tue Jan 24 10:59:00 +0000 2012,0.1600815979574471
Tue Jan 24 11:00:00 +0000 2012,Tue Jan 24 11:00:37 +0000 2012,Tue Jan 24 11:59:50 +0000 2012,0.14431371488807831
Tue Jan 24 12:00:00 +0000 2012,Tue Jan 24 12:00:53 +0000 2012,Tue Jan 24 12:59:10 +0000 2012,0.0925532547666251
Tue Jan 24 13:00:00 +0000 2012,Tue Jan 24 13:00:51 +0000 2012,Tue Jan 24 13:59:59 +0000 2012,0.13302713720894138
Tue Jan 24 14:00:00 +0000 2012,Tue Jan 24 14:00:44 +0000 2012,Tue Jan 24 14:59:09 +0000 2012,0.13091002559116963
Tue Jan 24 15:00:00 +0000 2012,Tue Jan 24 15:00:54 +0000 2012,Tue Jan 24 15:59:47 +0000 2012,0.11117621698551416
Tue Jan 24 16:00:00 +0000 2012,Tue Jan 24 16:00:59 +0000 2012,Tue Jan 24 16:59:52 +0000 2012,0.13040699381153228
Tue Jan 24 17:00:00 +0000 2012,Tue Jan 24 17:00:47 +0000 2012,Tue Jan 24 17:59:57 +0000 2012,0.15763033447069905
Tue Jan 24 18:00:00 +0000 2012,Tue Jan 24 18:00:54 +0000 2012,Tue Jan 24 18:59:27 +0000 2012,0.12266778454269625
Tue Jan 24 19:00:00 +0000 2012,Tue Jan 24 19:00:55 +0000 2012,Tue Jan 24 19:59:35 +0000 2012,0.1011815058052303
Tue Jan 24 20:00:00 +0000 2012,Tue Jan 24 20:00:44 +0000 2012,Tue Jan 24 20:59:55 +0000 2012,0.09758412891671818
Tue Jan 24 21:00:00 +0000 2012,Tue Jan 24 21:00:42 +0000 2012,Tue Jan 24 21:59:46 +0000 2012,0.08627058593938329
Tue Jan 24 22:00:00 +0000 2012,Tue Jan 24 22:00:59 +0000 2012,Tue Jan 24 22:59:43 +0000 2012,0.07613555186074068
Tue Jan 24 23:00:00 +0000 2012,Tue Jan 24 23:00:53 +0000 2012,Tue Jan 24 23:59:54 +0000 2012,0.08844211024636371
Wed Jan 25 00:00:00 +0000 2012,Wed Jan 25 00:00:55 +0000 2012,Wed Jan 25 00:59:58 +0000 2012,0.0654261523656706
Wed Jan 25 01:00:00 +0000 2012,Wed Jan 25 01:00:41 +0000 2012,Wed Jan 25 01:59:49 +0000 2012,0.07276296435735109
Wed Jan 25 02:00:00 +0000 2012,Wed Jan 25 02:00:22 +0000 2012,Wed Jan 25 02:59:50 +0000 2012,0.09514634128777232
Wed Jan 25 03:00:00 +0000 2012,Wed Jan 25 03:01:20 +0000 2012,Wed Jan 25 03:59:58 +0000 2012,0.13334735027556296
Wed Jan 25 04:00:00 +0000 2012,Wed Jan 25 04:00:54 +0000 2012,Wed Jan 25 04:59:45 +0000 2012,0.14188216001783713
Wed Jan 25 05:00:00 +0000 2012,Wed Jan 25 05:00:59 +0000 2012,Wed Jan 25 05:59:45 +0000 2012,0.1140348998644453
Wed Jan 25 07:00:00 +0000 2012,Wed Jan 25 07:00:38 +0000 2012,Wed Jan 25 07:58:04 +0000 2012,0.10384038795011806
Wed Jan 25 08:00:00 +0000 2012,Wed Jan 25 08:00:32 +0000 2012,Wed Jan 25 08:59:58 +0000 2012,0.15523761496280686
Wed Jan 25 09:00:00 +0000 2012,Wed Jan 25 09:00:53 +0000 2012,Wed Jan 25 09:59:43 +0000 2012,0.1499980233886484
Wed Jan 25 10:00:00 +0000 2012,Wed Jan 25 10:00:54 +0000 2012,Wed Jan 25 10:59:36 +0000 2012,0.09661758734028848
Wed Jan 25 11:00:00 +0000 2012,Wed Jan 25 11:00:55 +0000 2012,Wed Jan 25 11:59:53 +0000 2012,0.1019115810046261
Wed Jan 25 12:00:00 +0000 2012,Wed Jan 25 12:00:38 +0000 2012,Wed Jan 25 12:59:48 +0000 2012,0.1168157493009188
Wed Jan 25 13:00:00 +0000 2012,Wed Jan 25 13:00:35 +0000 2012,Wed Jan 25 13:59:59 +0000 2012,0.10479820394842322
Wed Jan 25 14:00:00 +0000 2012,Wed Jan 25 14:00:54 +0000 2012,Wed Jan 25 14:59:49 +0000 2012,0.13202006256346535
Wed Jan 25 15:00:00 +0000 2012,Wed Jan 25 15:00:57 +0000 2012,Wed Jan 25 15:59:56 +0000 2012,0.14839491952886702
Wed Jan 25 16:00:00 +0000 2012,Wed Jan 25 16:00:51 +0000 2012,Wed Jan 25 16:59:54 +0000 2012,0.14537037468492117
Wed Jan 25 17:00:00 +0000 2012,Wed Jan 25 17:00:46 +0000 2012,Wed Jan 25 17:59:37 +0000 2012,0.08472632534004061
Wed Jan 25 18:00:00 +0000 2012,Wed Jan 25 18:00:40 +0000 2012,Wed Jan 25 18:59:57 +0000 2012,0.15945905711103678
Wed Jan 25 19:00:00 +0000 2012,Wed Jan 25 19:00:47 +0000 2012,Wed Jan 25 19:59:59 +0000 2012,0.12354123099484428
Wed Jan 25 20:00:00 +0000 2012,Wed Jan 25 20:00:54 +0000 2012,Wed Jan 25 20:59:59 +0000 2012,0.0741387523700629
Wed Jan 25 21:00:00 +0000 2012,Wed Jan 25 21:00:53 +0000 2012,Wed Jan 25 21:59:46 +0000 2012,0.12640062274537436
Wed Jan 25 22:00:00 +0000 2012,Wed Jan 25 22:00:29 +0000 2012,Wed Jan 25 22:59:26 +0000 2012,0.1185869443561656
Wed Jan 25 23:00:00 +0000 2012,Wed Jan 25 23:00:45 +0000 2012,Wed Jan 25 23:59:51 +0000 2012,0.07109772348575555
Thu Jan 26 00:00:00 +0000 2012,Thu Jan 26 00:00:50 +0000 2012,Thu Jan 26 00:58:59 +0000 2012,0.06428669814605356
Thu Jan 26 01:00:00 +0000 2012,Thu Jan 26 01:00:56 +0000 2012,Thu Jan 26 01:59:45 +0000 2012,0.12346133597182991
Thu Jan 26 02:00:00 +0000 2012,Thu Jan 26 02:00:59 +0000 2012,Thu Jan 26 02:59:34 +0000 2012,0.09688580181098717
Thu Jan 26 03:00:00 +0000 2012,Thu Jan 26 03:00:57 +0000 2012,Thu Jan 26 03:59:40 +0000 2012,0.10104092271884312
Thu Jan 26 04:00:00 +0000 2012,Thu Jan 26 04:00:59 +0000 2012,Thu Jan 26 04:59:39 +0000 2012,0.0756821380738886
Thu Jan 26 05:00:00 +0000 2012,Thu Jan 26 05:00:11 +0000 2012,Thu Jan 26 05:59:39 +0000 2012,0.06178799388876191
Thu Jan 26 07:00:00 +0000 2012,Thu Jan 26 07:00:48 +0000 2012,Thu Jan 26 07:59:34 +0000 2012,0.12455436835403355
Thu Jan 26 08:00:00 +0000 2012,Thu Jan 26 08:00:52 +0000 2012,Thu Jan 26 08:59:52 +0000 2012,0.11616103953119039
Thu Jan 26 09:00:00 +0000 2012,Thu Jan 26 09:00:16 +0000 2012,Thu Jan 26 09:59:31 +0000 2012,0.07981568389522933
Thu Jan 26 10:00:00 +0000 2012,Thu Jan 26 10:00:03 +0000 2012,Thu Jan 26 10:59:49 +0000 2012,0.16285276564910195
Thu Jan 26 11:00:00 +0000 2012,Thu Jan 26 11:00:58 +0000 2012,Thu Jan 26 11:59:21 +0000 2012,0.10349568978475228
Thu Jan 26 12:00:00 +0000 2012,Thu Jan 26 12:00:10 +0000 2012,Thu Jan 26 12:59:28 +0000 2012,0.041533798563724425
Thu Jan 26 13:00:00 +0000 2012,Thu Jan 26 13:00:55 +0000 2012,Thu Jan 26 13:59:51 +0000 2012,0.06823059708318599
Thu Jan 26 14:00:00 +0000 2012,Thu Jan 26 14:00:41 +0000 2012,Thu Jan 26 14:59:53 +0000 2012,0.11264541547347429
Thu Jan 26 15:00:00 +0000 2012,Thu Jan 26 15:00:45 +0000 2012,Thu Jan 26 15:59:59 +0000 2012,0.07928123695910376
Thu Jan 26 16:00:00 +0000 2012,Thu Jan 26 16:00:53 +0000 2012,Thu Jan 26 16:59:06 +0000 2012,0.07436591563842623
Thu Jan 26 17:00:00 +0000 2012,Thu Jan 26 17:00:59 +0000 2012,Thu Jan 26 17:59:33 +0000 2012,0.10202163220559488
Thu Jan 26 18:00:00 +0000 2012,Thu Jan 26 18:00:59 +0000 2012,Thu Jan 26 18:59:59 +0000 2012,0.08146280270334086
Thu Jan 26 19:00:00 +0000 2012,Thu Jan 26 19:00:49 +0000 2012,Thu Jan 26 19:59:56 +0000 2012,0.12254023538603147
Thu Jan 26 20:00:00 +0000 2012,Thu Jan 26 20:00:55 +0000 2012,Thu Jan 26 20:59:59 +0000 2012,0.11838358156990349
Thu Jan 26 21:00:00 +0000 2012,Thu Jan 26 21:00:29 +0000 2012,Thu Jan 26 21:59:36 +0000 2012,0.09722713125664856
Thu Jan 26 22:00:00 +0000 2012,Thu Jan 26 22:00:59 +0000 2012,Thu Jan 26 22:59:51 +0000 2012,0.13684566498316494
Thu Jan 26 23:00:00 +0000 2012,Thu Jan 26 23:00:54 +0000 2012,Thu Jan 26 23:59:23 +0000 2012,0.05240645562300837
Fri Jan 27 00:00:00 +0000 2012,Fri Jan 27 00:00:58 +0000 2012,Fri Jan 27 00:59:57 +0000 2012,0.07683293138347616
Fri Jan 27 01:00:00 +0000 2012,Fri Jan 27 01:01:33 +0000 2012,Fri Jan 27 01:59:51 +0000 2012,0.11493024196028817
Fri Jan 27 02:00:00 +0000 2012,Fri Jan 27 02:00:32 +0000 2012,Fri Jan 27 02:59:54 +0000 2012,0.11009806014903858
Fri Jan 27 03:00:00 +0000 2012,Fri Jan 27 03:00:58 +0000 2012,Fri Jan 27 03:59:51 +0000 2012,0.09097588937621835
Fri Jan 27 04:00:00 +0000 2012,Fri Jan 27 04:00:37 +0000 2012,Fri Jan 27 04:59:14 +0000 2012,0.06652766316438193
Fri Jan 27 05:00:00 +0000 2012,Fri Jan 27 05:00:29 +0000 2012,Fri Jan 27 05:59:44 +0000 2012,0.08792776113413643
Fri Jan 27 07:00:00 +0000 2012,Fri Jan 27 07:00:47 +0000 2012,Fri Jan 27 07:58:41 +0000 2012,0.0885027845082951
Fri Jan 27 08:00:00 +0000 2012,Fri Jan 27 08:00:56 +0000 2012,Fri Jan 27 08:59:43 +0000 2012,0.05017115322092175
Fri Jan 27 09:00:00 +0000 2012,Fri Jan 27 09:00:21 +0000 2012,Fri Jan 27 09:59:49 +0000 2012,0.06371157989136886
Fri Jan 27 10:00:00 +0000 2012,Fri Jan 27 10:00:37 +0000 2012,Fri Jan 27 10:59:04 +0000 2012,0.07408660907544838
Fri Jan 27 11:00:00 +0000 2012,Fri Jan 27 11:00:48 +0000 2012,Fri Jan 27 11:59:27 +0000 2012,0.08406711076964613
Fri Jan 27 12:00:00 +0000 2012,Fri Jan 27 12:00:51 +0000 2012,Fri Jan 27 12:59:41 +0000 2012,0.140092450296617
Fri Jan 27 13:00:00 +0000 2012,Fri Jan 27 13:00:59 +0000 2012,Fri Jan 27 13:59:58 +0000 2012,0.11197660252398264
Fri Jan 27 14:00:00 +0000 2012,Fri Jan 27 14:00:53 +0000 2012,Fri Jan 27 14:59:47 +0000 2012,0.08302032380452477
Fri Jan 27 15:00:00 +0000 2012,Fri Jan 27 15:00:56 +0000 2012,Fri Jan 27 15:59:57 +0000 2012,0.131935344474841
Fri Jan 27 16:00:00 +0000 2012,Fri Jan 27 16:00:49 +0000 2012,Fri Jan 27 16:59:31 +0000 2012,0.11324791662100517
Fri Jan 27 17:00:00 +0000 2012,Fri Jan 27 17:00:48 +0000 2012,Fri Jan 27 17:59:50 +0000 2012,0.11213930061259411
Fri Jan 27 18:00:00 +0000 2012,Fri Jan 27 18:00:59 +0000 2012,Fri Jan 27 18:59:28 +0000 2012,0.15377730992965363
Fri Jan 27 19:00:00 +0000 2012,Fri Jan 27 19:00:08 +0000 2012,Fri Jan 27 19:59:20 +0000 2012,0.1215939806677589
Fri Jan 27 20:00:00 +0000 2012,Fri Jan 27 20:00:32 +0000 2012,Fri Jan 27 20:59:51 +0000 2012,0.12333916204358913
Fri Jan 27 21:00:00 +0000 2012,Fri Jan 27 21:00:51 +0000 2012,Fri Jan 27 21:59:49 +0000 2012,0.08219875963432512
Fri Jan 27 22:00:00 +0000 2012,Fri Jan 27 22:00:35 +0000 2012,Fri Jan 27 22:59:14 +0000 2012,0.09185936502470596
Fri Jan 27 23:00:00 +0000 2012,Fri Jan 27 23:00:47 +0000 2012,Fri Jan 27 23:59:59 +0000 2012,0.11958028886524648
Sat Jan 28 00:00:00 +0000 2012,Sat Jan 28 00:00:44 +0000 2012,Sat Jan 28 00:59:55 +0000 2012,0.08455932770588065
Sat Jan 28 01:00:00 +0000 2012,Sat Jan 28 01:00:11 +0000 2012,Sat Jan 28 01:59:25 +0000 2012,0.13749239599836957
Sat Jan 28 02:00:00 +0000 2012,Sat Jan 28 02:00:23 +0000 2012,Sat Jan 28 02:59:33 +0000 2012,0.11614197509267558
Sat Jan 28 03:00:00 +0000 2012,Sat Jan 28 03:00:36 +0000 2012,Sat Jan 28 03:59:50 +0000 2012,0.06306202954041727
Sat Jan 28 04:00:00 +0000 2012,Sat Jan 28 04:00:55 +0000 2012,Sat Jan 28 04:59:59 +0000 2012,0.10858019080197014
Sat Jan 28 05:00:00 +0000 2012,Sat Jan 28 05:00:55 +0000 2012,Sat Jan 28 05:59:08 +0000 2012,0.0618961707593173
Sat Jan 28 07:00:00 +0000 2012,Sat Jan 28 07:00:41 +0000 2012,Sat Jan 28 07:59:32 +0000 2012,0.06585924417127247
Sat Jan 28 08:00:00 +0000 2012,Sat Jan 28 08:00:50 +0000 2012,Sat Jan 28 08:59:12 +0000 2012,0.12551010101010102
Sat Jan 28 09:00:00 +0000 2012,Sat Jan 28 09:00:52 +0000 2012,Sat Jan 28 09:59:55 +0000 2012,0.07230178079496262
Sat Jan 28 10:00:00 +0000 2012,Sat Jan 28 10:02:23 +0000 2012,Sat Jan 28 10:59:26 +0000 2012,0.0808719135802469
Sat Jan 28 11:00:00 +0000 2012,Sat Jan 28 11:00:21 +0000 2012,Sat Jan 28 11:57:51 +0000 2012,0.09756557822964072
Sat Jan 28 12:00:00 +0000 2012,Sat Jan 28 12:00:26 +0000 2012,Sat Jan 28 12:58:59 +0000 2012,0.14580130583545592
Sat Jan 28 13:00:00 +0000 2012,Sat Jan 28 13:00:03 +0000 2012,Sat Jan 28 13:59:55 +0000 2012,0.11633143355590343
Sat Jan 28 14:00:00 +0000 2012,Sat Jan 28 14:00:52 +0000 2012,Sat Jan 28 14:59:56 +0000 2012,0.14307979221781303
Sat Jan 28 15:00:00 +0000 2012,Sat Jan 28 15:00:59 +0000 2012,Sat Jan 28 15:59:54 +0000 2012,0.12163822984707708
Sat Jan 28 16:00:00 +0000 2012,Sat Jan 28 16:00:46 +0000 2012,Sat Jan 28 16:59:55 +0000 2012,0.1831239389173428
Sat Jan 28 17:00:00 +0000 2012,Sat Jan 28 17:00:36 +0000 2012,Sat Jan 28 17:59:59 +0000 2012,0.12685638753607503
Sat Jan 28 18:00:00 +0000 2012,Sat Jan 28 18:00:44 +0000 2012,Sat Jan 28 18:59:53 +0000 2012,0.1351103473190338
Sat Jan 28 19:00:00 +0000 2012,Sat Jan 28 19:00:54 +0000 2012,Sat Jan 28 19:59:58 +0000 2012,0.13371151007252982
Sat Jan 28 20:00:00 +0000 2012,Sat Jan 28 20:00:53 +0000 2012,Sat Jan 28 20:59:30 +0000 2012,0.11769479141614556
Sat Jan 28 21:00:00 +0000 2012,Sat Jan 28 21:01:08 +0000 2012,Sat Jan 28 21:59:58 +0000 2012,0.12349465033822074
Sat Jan 28 22:00:00 +0000 2012,Sat Jan 28 22:00:30 +0000 2012,Sat Jan 28 22:59:55 +0000 2012,0.11958529407834963
Sat Jan 28 23:00:00 +0000 2012,Sat Jan 28 23:00:55 +0000 2012,Sat Jan 28 23:59:43 +0000 2012,0.11095899032988926
Sun Jan 29 00:00:00 +0000 2012,Sun Jan 29 00:00:28 +0000 2012,Sun Jan 29 00:59:56 +0000 2012,0.09102122905959163
Sun Jan 29 01:00:00 +0000 2012,Sun Jan 29 01:00:40 +0000 2012,Sun Jan 29 01:59:46 +0000 2012,0.1020215319050065
Sun Jan 29 02:00:00 +0000 2012,Sun Jan 29 02:00:45 +0000 2012,Sun Jan 29 02:59:56 +0000 2012,0.08473490518172534
Sun Jan 29 03:00:00 +0000 2012,Sun Jan 29 03:00:59 +0000 2012,Sun Jan 29 03:59:39 +0000 2012,0.10867118646069542
Sun Jan 29 04:00:00 +0000 2012,Sun Jan 29 04:01:39 +0000 2012,Sun Jan 29 04:59:30 +0000 2012,0.10628660310176401
Sun Jan 29 05:00:00 +0000 2012,Sun Jan 29 05:00:53 +0000 2012,Sun Jan 29 05:58:56 +0000 2012,0.08608529793309368
Sun Jan 29 07:00:00 +0000 2012,Sun Jan 29 07:00:29 +0000 2012,Sun Jan 29 07:59:44 +0000 2012,0.11324777105256487
Sun Jan 29 08:00:00 +0000 2012,Sun Jan 29 08:00:59 +0000 2012,Sun Jan 29 08:59:18 +0000 2012,0.17644855529411888
Sun Jan 29 09:00:00 +0000 2012,Sun Jan 29 09:00:56 +0000 2012,Sun Jan 29 09:59:20 +0000 2012,0.12341427509645594
Sun Jan 29 10:00:00 +0000 2012,Sun Jan 29 10:00:15 +0000 2012,Sun Jan 29 10:59:34 +0000 2012,0.08592312008978678
Sun Jan 29 11:00:00 +0000 2012,Sun Jan 29 11:00:54 +0000 2012,Sun Jan 29 11:58:53 +0000 2012,0.12767685692490377
Sun Jan 29 12:00:00 +0000 2012,Sun Jan 29 12:03:32 +0000 2012,Sun Jan 29 12:59:49 +0000 2012,0.10999487337918193
Sun Jan 29 13:00:00 +0000 2012,Sun Jan 29 13:01:51 +0000 2012,Sun Jan 29 13:59:30 +0000 2012,0.1623804857854337
Sun Jan 29 14:00:00 +0000 2012,Sun Jan 29 14:00:58 +0000 2012,Sun Jan 29 14:59:34 +0000 2012,0.10618534008364519
Sun Jan 29 15:00:00 +0000 2012,Sun Jan 29 15:00:45 +0000 2012,Sun Jan 29 15:59:58 +0000 2012,0.14883619140736457
Sun Jan 29 16:00:00 +0000 2012,Sun Jan 29 16:00:58 +0000 2012,Sun Jan 29 16:59:35 +0000 2012,0.12909067261219126
Sun Jan 29 17:00:00 +0000 2012,Sun Jan 29 17:00:40 +0000 2012,Sun Jan 29 17:59:40 +0000 2012,0.10340735411556766
Sun Jan 29 18:00:00 +0000 2012,Sun Jan 29 18:00:48 +0000 2012,Sun Jan 29 18:59:34 +0000 2012,0.08769616147941887
Sun Jan 29 19:00:00 +0000 2012,Sun Jan 29 19:00:57 +0000 2012,Sun Jan 29 19:59:55 +0000 2012,0.131981782852886
Sun Jan 29 20:00:00 +0000 2012,Sun Jan 29 20:00:55 +0000 2012,Sun Jan 29 20:59:51 +0000 2012,0.13962456691321898
Sun Jan 29 21:00:00 +0000 2012,Sun Jan 29 21:00:56 +0000 2012,Sun Jan 29 21:59:27 +0000 2012,0.10411031724111153
Sun Jan 29 22:00:00 +0000 2012,Sun Jan 29 22:00:45 +0000 2012,Sun Jan 29 22:59:59 +0000 2012,0.07494430922535714
Sun Jan 29 23:00:00 +0000 2012,Sun Jan 29 23:00:56 +0000 2012,Sun Jan 29 23:59:34 +0000 2012,0.06595575629937388
Mon Jan 30 00:00:00 +0000 2012,Mon Jan 30 00:00:47 +0000 2012,Mon Jan 30 00:59:53 +0000 2012,0.14470989847283794
Mon Jan 30 01:00:00 +0000 2012,Mon Jan 30 01:00:50 +0000 2012,Mon Jan 30 01:59:59 +0000 2012,0.10540663011266826
Mon Jan 30 02:00:00 +0000 2012,Mon Jan 30 02:00:57 +0000 2012,Mon Jan 30 02:59:51 +0000 2012,0.11592419798257846
Mon Jan 30 03:00:00 +0000 2012,Mon Jan 30 03:00:34 +0000 2012,Mon Jan 30 03:59:59 +0000 2012,0.09632614922968344
Mon Jan 30 04:00:00 +0000 2012,Mon Jan 30 04:00:55 +0000 2012,Mon Jan 30 04:59:47 +0000 2012,0.08418939044073745
Mon Jan 30 05:00:00 +0000 2012,Mon Jan 30 05:00:52 +0000 2012,Mon Jan 30 05:59:27 +0000 2012,0.12556487220691767
Mon Jan 30 07:00:00 +0000 2012,Mon Jan 30 07:00:56 +0000 2012,Mon Jan 30 07:58:20 +0000 2012,0.14346701829460448
Mon Jan 30 08:00:00 +0000 2012,Mon Jan 30 08:00:44 +0000 2012,Mon Jan 30 08:59:29 +0000 2012,0.1300775394708749
Mon Jan 30 09:00:00 +0000 2012,Mon Jan 30 09:00:29 +0000 2012,Mon Jan 30 09:59:44 +0000 2012,0.12731772839128763
Mon Jan 30 10:00:00 +0000 2012,Mon Jan 30 10:00:24 +0000 2012,Mon Jan 30 10:59:23 +0000 2012,0.08536352001051076
Mon Jan 30 11:00:00 +0000 2012,Mon Jan 30 11:00:33 +0000 2012,Mon Jan 30 11:59:24 +0000 2012,0.12255760080457147
Mon Jan 30 12:00:00 +0000 2012,Mon Jan 30 12:00:39 +0000 2012,Mon Jan 30 12:59:53 +0000 2012,0.08981073604796087
Mon Jan 30 13:00:00 +0000 2012,Mon Jan 30 13:00:37 +0000 2012,Mon Jan 30 13:59:40 +0000 2012,0.10579742533583049
Mon Jan 30 14:00:00 +0000 2012,Mon Jan 30 14:00:55 +0000 2012,Mon Jan 30 14:59:41 +0000 2012,0.1112939528253856
Mon Jan 30 15:00:00 +0000 2012,Mon Jan 30 15:00:51 +0000 2012,Mon Jan 30 15:59:05 +0000 2012,0.09755587450021039
Mon Jan 30 16:00:00 +0000 2012,Mon Jan 30 16:00:58 +0000 2012,Mon Jan 30 16:59:44 +0000 2012,0.1416983661942164
Mon Jan 30 17:00:00 +0000 2012,Mon Jan 30 17:00:35 +0000 2012,Mon Jan 30 17:59:58 +0000 2012,0.13867440926036567
Mon Jan 30 18:00:00 +0000 2012,Mon Jan 30 18:00:50 +0000 2012,Mon Jan 30 18:59:52 +0000 2012,0.14951133927534788
Mon Jan 30 19:00:00 +0000 2012,Mon Jan 30 19:00:50 +0000 2012,Mon Jan 30 19:59:47 +0000 2012,0.15033921339719955
Mon Jan 30 20:00:00 +0000 2012,Mon Jan 30 20:00:58 +0000 2012,Mon Jan 30 20:59:55 +0000 2012,0.08913289244520416
Mon Jan 30 21:00:00 +0000 2012,Mon Jan 30 21:00:56 +0000 2012,Mon Jan 30 21:59:59 +0000 2012,0.14350745571590137
Mon Jan 30 22:00:00 +0000 2012,Mon Jan 30 22:00:58 +0000 2012,Mon Jan 30 22:59:48 +0000 2012,0.10833438643883604
Mon Jan 30 23:00:00 +0000 2012,Mon Jan 30 23:00:54 +0000 2012,Mon Jan 30 23:59:49 +0000 2012,0.11756724384619247
Tue Jan 31 00:00:00 +0000 2012,Tue Jan 31 00:00:59 +0000 2012,Tue Jan 31 00:59:18 +0000 2012,0.1237552268853724
Tue Jan 31 01:00:00 +0000 2012,Tue Jan 31 01:00:38 +0000 2012,Tue Jan 31 01:59:46 +0000 2012,0.12645323217805857
Tue Jan 31 02:00:00 +0000 2012,Tue Jan 31 02:00:51 +0000 2012,Tue Jan 31 02:59:36 +0000 2012,0.0895412275935884
Tue Jan 31 03:00:00 +0000 2012,Tue Jan 31 03:00:56 +0000 2012,Tue Jan 31 03:59:55 +0000 2012,0.13071679628585087
Tue Jan 31 04:00:00 +0000 2012,Tue Jan 31 04:00:29 +0000 2012,Tue Jan 31 04:59:42 +0000 2012,0.08944339469480486
Tue Jan 31 05:00:00 +0000 2012,Tue Jan 31 05:00:51 +0000 2012,Tue Jan 31 05:59:58 +0000 2012,0.1191215080816374
Tue Jan 31 07:00:00 +0000 2012,Tue Jan 31 07:01:48 +0000 2012,Tue Jan 31 07:59:58 +0000 2012,0.1491765514106075
Tue Jan 31 08:00:00 +0000 2012,Tue Jan 31 08:00:42 +0000 2012,Tue Jan 31 08:59:47 +0000 2012,0.11465424070906771
Tue Jan 31 09:00:00 +0000 2012,Tue Jan 31 09:00:38 +0000 2012,Tue Jan 31 09:59:14 +0000 2012,0.16588759137874703
Tue Jan 31 10:00:00 +0000 2012,Tue Jan 31 10:00:49 +0000 2012,Tue Jan 31 10:59:59 +0000 2012,0.0878061972350765
Tue Jan 31 11:00:00 +0000 2012,Tue Jan 31 11:00:59 +0000 2012,Tue Jan 31 11:59:56 +0000 2012,0.1405991854090992
Tue Jan 31 12:00:00 +0000 2012,Tue Jan 31 12:00:57 +0000 2012,Tue Jan 31 12:59:54 +0000 2012,0.15396956722614616
Tue Jan 31 13:00:00 +0000 2012,Tue Jan 31 13:00:52 +0000 2012,Tue Jan 31 13:58:57 +0000 2012,0.10531452414363282
Tue Jan 31 14:00:00 +0000 2012,Tue Jan 31 14:00:53 +0000 2012,Tue Jan 31 14:59:59 +0000 2012,0.10391755134665516
Tue Jan 31 15:00:00 +0000 2012,Tue Jan 31 15:00:42 +0000 2012,Tue Jan 31 15:59:03 +0000 2012,0.08374478941197691
Tue Jan 31 16:00:00 +0000 2012,Tue Jan 31 16:00:32 +0000 2012,Tue Jan 31 16:59:43 +0000 2012,0.09987063395092725
Tue Jan 31 17:00:00 +0000 2012,Tue Jan 31 17:00:52 +0000 2012,Tue Jan 31 17:59:40 +0000 2012,0.09368566436590042
Tue Jan 31 18:00:00 +0000 2012,Tue Jan 31 18:00:34 +0000 2012,Tue Jan 31 18:59:56 +0000 2012,0.14510892382718552
Tue Jan 31 19:00:00 +0000 2012,Tue Jan 31 19:00:54 +0000 2012,Tue Jan 31 19:59:30 +0000 2012,0.10210582018410792
Tue Jan 31 20:00:00 +0000 2012,Tue Jan 31 20:00:51 +0000 2012,Tue Jan 31 20:59:58 +0000 2012,0.06437217251168145
Tue Jan 31 21:00:00 +0000 2012,Tue Jan 31 21:00:51 +0000 2012,Tue Jan 31 21:59:42 +0000 2012,0.1005809145194624
Tue Jan 31 22:00:00 +0000 2012,Tue Jan 31 22:00:57 +0000 2012,Tue Jan 31 22:59:44 +0000 2012,0.05770177241291196
Tue Jan 31 23:00:00 +0000 2012,Tue Jan 31 23:00:37 +0000 2012,Tue Jan 31 23:59:35 +0000 2012,0.07566130314211454
Wed Feb 01 00:00:00 +0000 2012,Wed Feb 01 00:00:50 +0000 2012,Wed Feb 01 00:59:57 +0000 2012,0.10567942038343696
Wed Feb 01 01:00:00 +0000 2012,Wed Feb 01 01:00:56 +0000 2012,Wed Feb 01 01:59:51 +0000 2012,0.10749513638666106
Wed Feb 01 02:00:00 +0000 2012,Wed Feb 01 02:00:57 +0000 2012,Wed Feb 01 02:59:52 +0000 2012,0.0756416167892918
Wed Feb 01 03:00:00 +0000 2012,Wed Feb 01 03:01:21 +0000 2012,Wed Feb 01 03:59:21 +0000 2012,0.13689355851550536
Wed Feb 01 04:00:00 +0000 2012,Wed Feb 01 04:00:53 +0000 2012,Wed Feb 01 04:59:58 +0000 2012,0.10953699742406556
Wed Feb 01 05:00:00 +0000 2012,Wed Feb 01 05:00:11 +0000 2012,Wed Feb 01 05:59:56 +0000 2012,0.1191685623869532
