close_time,start_time,end_time,sentiment,TICKER,OPEN,HIGH,LOW,CLOSE,VOL
Tue Jan 03 09:35:00 +0000 2012,Tue Jan 03 09:35:46 +0000 2012,Tue Jan 03 09:39:49 +0000 2012,0.12613756613756616,AAPL2,409.51,410.0,409.0,409.78,91854
Tue Jan 03 09:40:00 +0000 2012,Tue Jan 03 09:40:19 +0000 2012,Tue Jan 03 09:44:45 +0000 2012,0.0014195526695526695,AAPL2,409.78,411.5,409.78,411.28,75316
Tue Jan 03 09:45:00 +0000 2012,Tue Jan 03 09:45:57 +0000 2012,Tue Jan 03 09:49:32 +0000 2012,1.5512265512263034e-05,AAPL2,411.28,411.625,410.65,410.84,31130
Tue Jan 03 09:50:00 +0000 2012,Tue Jan 03 09:50:50 +0000 2012,Tue Jan 03 09:54:58 +0000 2012,0.07857683982683983,AAPL2,410.84,411.45,410.72,411.38,24235
Tue Jan 03 09:55:00 +0000 2012,Tue Jan 03 09:55:56 +0000 2012,Tue Jan 03 09:59:18 +0000 2012,0.05391233766233766,AAPL2,411.25,411.5,410.85,410.95,16567
Tue Jan 03 10:00:00 +0000 2012,Tue Jan 03 10:00:47 +0000 2012,Tue Jan 03 10:04:58 +0000 2012,0.08446969696969697,AAPL2,410.95,411.25,410.95,411.25,8165
Tue Jan 03 10:05:00 +0000 2012,Tue Jan 03 10:05:49 +0000 2012,Tue Jan 03 10:09:52 +0000 2012,0.00481349206349206,AAPL2,411.28,411.74,411.16,411.58,31895
Tue Jan 03 10:10:00 +0000 2012,Tue Jan 03 10:11:50 +0000 2012,Tue Jan 03 10:13:57 +0000 2012,0.1568287037037037,AAPL2,411.69,412.0,411.59,411.9,28228
Tue Jan 03 10:15:00 +0000 2012,Tue Jan 03 10:15:54 +0000 2012,Tue Jan 03 10:19:50 +0000 2012,0.2614594585308871,AAPL2,411.89,412.2,411.57,411.75,22405
Tue Jan 03 10:20:00 +0000 2012,Tue Jan 03 10:21:30 +0000 2012,Tue Jan 03 10:24:47 +0000 2012,-0.14884259259259258,AAPL2,411.84,412.15,411.82,412.13,14660
Tue Jan 03 10:25:00 +0000 2012,Tue Jan 03 10:25:38 +0000 2012,Tue Jan 03 10:29:10 +0000 2012,0.24354545454545454,AAPL2,412.1,412.41,412.1,412.35,26095
Tue Jan 03 10:30:00 +0000 2012,Tue Jan 03 10:30:49 +0000 2012,Tue Jan 03 10:34:57 +0000 2012,0.0008630952380952491,AAPL2,412.37,412.49,411.96,412.2,13077
Tue Jan 03 10:35:00 +0000 2012,Tue Jan 03 10:35:57 +0000 2012,Tue Jan 03 10:39:53 +0000 2012,0.02512175324675324,AAPL2,412.22,412.36,411.96,412.03,9229
Tue Jan 03 10:40:00 +0000 2012,Tue Jan 03 10:40:49 +0000 2012,Tue Jan 03 10:44:50 +0000 2012,0.21575757575757573,AAPL2,412.0,412.08,411.84,411.94,12504
Tue Jan 03 10:45:00 +0000 2012,Tue Jan 03 10:45:40 +0000 2012,Tue Jan 03 10:48:58 +0000 2012,0.08189484126984127,AAPL2,411.88,411.98,411.11,411.18,13546
Tue Jan 03 10:50:00 +0000 2012,Tue Jan 03 10:50:43 +0000 2012,Tue Jan 03 10:54:48 +0000 2012,0.098989898989899,AAPL2,411.21,411.32,410.62,410.69,17097
Tue Jan 03 10:55:00 +0000 2012,Tue Jan 03 10:55:25 +0000 2012,Tue Jan 03 10:59:58 +0000 2012,-0.01117424242424242,AAPL2,410.66,410.85,410.22,410.79,15440
Tue Jan 03 11:00:00 +0000 2012,Tue Jan 03 11:00:27 +0000 2012,Tue Jan 03 11:04:55 +0000 2012,0.2437698412698413,AAPL2,410.76,411.08,410.7,410.83,10055
Tue Jan 03 11:05:00 +0000 2012,Tue Jan 03 11:05:58 +0000 2012,Tue Jan 03 11:09:53 +0000 2012,0.11483766233766232,AAPL2,410.97,411.1,410.88,411.07,4039
Tue Jan 03 11:10:00 +0000 2012,Tue Jan 03 11:10:31 +0000 2012,Tue Jan 03 11:14:52 +0000 2012,0.1030357142857143,AAPL2,411.03,411.09,410.75,410.75,8743
Tue Jan 03 11:15:00 +0000 2012,Tue Jan 03 11:15:37 +0000 2012,Tue Jan 03 11:19:48 +0000 2012,0.2353219696969697,AAPL2,410.8,411.09,410.75,411.04,8481
Tue Jan 03 11:20:00 +0000 2012,Tue Jan 03 11:20:38 +0000 2012,Tue Jan 03 11:24:37 +0000 2012,0.2302549603174603,AAPL2,411.16,411.43,411.05,411.37,10505
Tue Jan 03 11:25:00 +0000 2012,Tue Jan 03 11:25:51 +0000 2012,Tue Jan 03 11:28:36 +0000 2012,0.08813131313131313,AAPL2,411.39,411.39,410.82,410.9,4600
Tue Jan 03 11:30:00 +0000 2012,Tue Jan 03 11:30:38 +0000 2012,Tue Jan 03 11:34:45 +0000 2012,0.0928968253968254,AAPL2,410.96,411.11,410.91,411.0,6800
Tue Jan 03 11:35:00 +0000 2012,Tue Jan 03 11:36:50 +0000 2012,Tue Jan 03 11:39:52 +0000 2012,0.10984848484848483,AAPL2,410.89,411.33,410.89,411.17,3601
Tue Jan 03 11:40:00 +0000 2012,Tue Jan 03 11:40:18 +0000 2012,Tue Jan 03 11:44:28 +0000 2012,0.16197537878787874,AAPL2,411.07,411.28,410.94,411.1,5320
Tue Jan 03 11:45:00 +0000 2012,Tue Jan 03 11:45:55 +0000 2012,Tue Jan 03 11:49:36 +0000 2012,0.039178240740740736,AAPL2,411.05,411.07,410.84,410.94,6865
Tue Jan 03 11:50:00 +0000 2012,Tue Jan 03 11:50:53 +0000 2012,Tue Jan 03 11:54:42 +0000 2012,0.03251984126984127,AAPL2,410.88,410.92,410.75,410.89,27190
Tue Jan 03 11:55:00 +0000 2012,Tue Jan 03 11:55:48 +0000 2012,Tue Jan 03 11:59:51 +0000 2012,0.019873511904761908,AAPL2,410.89,410.96,410.8,410.92,6796
Tue Jan 03 12:00:00 +0000 2012,Tue Jan 03 12:00:55 +0000 2012,Tue Jan 03 12:04:55 +0000 2012,0.03826901669758813,AAPL2,410.97,410.97,410.75,410.785,4700
Tue Jan 03 12:05:00 +0000 2012,Tue Jan 03 12:05:47 +0000 2012,Tue Jan 03 12:09:55 +0000 2012,0.014914038342609771,AAPL2,410.75,410.94,410.75,410.9,6491
Tue Jan 03 12:10:00 +0000 2012,Tue Jan 03 12:10:59 +0000 2012,Tue Jan 03 12:14:45 +0000 2012,-0.0146031746031746,AAPL2,410.92,411.08,410.91,411.0,5072
Tue Jan 03 12:15:00 +0000 2012,Tue Jan 03 12:15:55 +0000 2012,Tue Jan 03 12:19:50 +0000 2012,0.033861111111111106,AAPL2,411.0,411.0,410.44,410.61,10989
Tue Jan 03 12:20:00 +0000 2012,Tue Jan 03 12:20:57 +0000 2012,Tue Jan 03 12:24:56 +0000 2012,-0.022286641929499074,AAPL2,410.62,410.82,410.5,410.82,6419
Tue Jan 03 12:25:00 +0000 2012,Tue Jan 03 12:25:56 +0000 2012,Tue Jan 03 12:29:48 +0000 2012,0.05983673469387756,AAPL2,410.77,410.8,410.6,410.6,1872
Tue Jan 03 12:30:00 +0000 2012,Tue Jan 03 12:30:43 +0000 2012,Tue Jan 03 12:34:57 +0000 2012,-0.038614718614718616,AAPL2,410.58,410.96,410.55,410.95,4698
Tue Jan 03 12:35:00 +0000 2012,Tue Jan 03 12:35:55 +0000 2012,Tue Jan 03 12:39:47 +0000 2012,0.05291787292568543,AAPL2,410.94,410.95,410.28,410.28,13771
Tue Jan 03 12:40:00 +0000 2012,Tue Jan 03 12:40:57 +0000 2012,Tue Jan 03 12:44:36 +0000 2012,0.11082747395833333,AAPL2,410.28,410.55,409.9,409.9,15490
Tue Jan 03 12:45:00 +0000 2012,Tue Jan 03 12:45:49 +0000 2012,Tue Jan 03 12:49:45 +0000 2012,0.10768740981240983,AAPL2,409.99,410.57,409.99,410.5,8019
Tue Jan 03 12:50:00 +0000 2012,Tue Jan 03 12:50:54 +0000 2012,Tue Jan 03 12:54:52 +0000 2012,0.10157142857142856,AAPL2,410.41,410.41,409.94,409.96,5000
Tue Jan 03 12:55:00 +0000 2012,Tue Jan 03 12:55:59 +0000 2012,Tue Jan 03 12:59:57 +0000 2012,0.0025945582195582182,AAPL2,409.95,410.1,409.92,410.07,6481
Tue Jan 03 13:00:00 +0000 2012,Tue Jan 03 13:00:58 +0000 2012,Tue Jan 03 13:04:54 +0000 2012,0.10375,AAPL2,409.97,410.06,409.56,409.795,13715
Tue Jan 03 13:05:00 +0000 2012,Tue Jan 03 13:05:54 +0000 2012,Tue Jan 03 13:09:54 +0000 2012,0.02864814814814815,AAPL2,409.81,409.92,409.3,409.42,22380
Tue Jan 03 13:10:00 +0000 2012,Tue Jan 03 13:10:56 +0000 2012,Tue Jan 03 13:14:42 +0000 2012,0.03433746556473829,AAPL2,409.51,409.63,409.4,409.6,6932
Tue Jan 03 13:15:00 +0000 2012,Tue Jan 03 13:15:59 +0000 2012,Tue Jan 03 13:19:58 +0000 2012,0.06936507936507938,AAPL2,409.65,409.78,409.495,409.78,7100
Tue Jan 03 13:20:00 +0000 2012,Tue Jan 03 13:20:55 +0000 2012,Tue Jan 03 13:24:49 +0000 2012,0.04227777777777779,AAPL2,409.79,410.21,409.79,410.2,6945
Tue Jan 03 13:25:00 +0000 2012,Tue Jan 03 13:25:24 +0000 2012,Tue Jan 03 13:29:56 +0000 2012,0.10068204365079364,AAPL2,410.17,410.26,410.04,410.13,4477
Tue Jan 03 13:30:00 +0000 2012,Tue Jan 03 13:30:52 +0000 2012,Tue Jan 03 13:34:58 +0000 2012,0.10255772005772004,AAPL2,410.1,410.1,409.785,409.835,14775
Tue Jan 03 13:35:00 +0000 2012,Tue Jan 03 13:35:47 +0000 2012,Tue Jan 03 13:39:48 +0000 2012,0.08862193362193363,AAPL2,409.8,409.8,409.27,409.51,12444
Tue Jan 03 13:40:00 +0000 2012,Tue Jan 03 13:40:17 +0000 2012,Tue Jan 03 13:44:45 +0000 2012,0.06286323051948052,AAPL2,409.57,409.7,409.245,409.245,8517
Tue Jan 03 13:45:00 +0000 2012,Tue Jan 03 13:45:51 +0000 2012,Tue Jan 03 13:49:14 +0000 2012,0.05194949494949495,AAPL2,409.28,409.99,409.28,409.85,12304
Tue Jan 03 13:50:00 +0000 2012,Tue Jan 03 13:50:56 +0000 2012,Tue Jan 03 13:54:53 +0000 2012,0.2519669913419913,AAPL2,409.87,410.79,409.87,410.77,14473
Tue Jan 03 13:55:00 +0000 2012,Tue Jan 03 13:55:55 +0000 2012,Tue Jan 03 13:59:54 +0000 2012,-0.043463953147546884,AAPL2,410.78,410.88,410.67,410.79,8920
Tue Jan 03 14:00:00 +0000 2012,Tue Jan 03 14:00:59 +0000 2012,Tue Jan 03 14:04:53 +0000 2012,0.08582309008207625,AAPL2,410.74,410.9,410.66,410.9,7374
Tue Jan 03 14:05:00 +0000 2012,Tue Jan 03 14:05:58 +0000 2012,Tue Jan 03 14:09:41 +0000 2012,0.05678571428571429,AAPL2,410.85,411.0,410.82,411.0,14013
Tue Jan 03 14:10:00 +0000 2012,Tue Jan 03 14:10:59 +0000 2012,Tue Jan 03 14:14:49 +0000 2012,0.09111111111111113,AAPL2,411.05,411.16,410.9,410.92,7664
Tue Jan 03 14:15:00 +0000 2012,Tue Jan 03 14:15:20 +0000 2012,Tue Jan 03 14:19:58 +0000 2012,0.19454545454545452,AAPL2,410.95,411.0,410.72,410.74,5248
Tue Jan 03 14:20:00 +0000 2012,Tue Jan 03 14:20:56 +0000 2012,Tue Jan 03 14:24:59 +0000 2012,0.132289908008658,AAPL2,410.82,410.82,410.5,410.71,8757
Tue Jan 03 14:25:00 +0000 2012,Tue Jan 03 14:25:38 +0000 2012,Tue Jan 03 14:29:40 +0000 2012,0.3912716450216451,AAPL2,410.74,410.91,410.66,410.85,6020
Tue Jan 03 14:30:00 +0000 2012,Tue Jan 03 14:30:59 +0000 2012,Tue Jan 03 14:33:49 +0000 2012,0.11851641414141414,AAPL2,410.88,410.95,410.73,410.9,9356
Tue Jan 03 14:35:00 +0000 2012,Tue Jan 03 14:35:49 +0000 2012,Tue Jan 03 14:39:41 +0000 2012,0.2696853545217803,AAPL2,410.96,411.15,410.89,411.15,12507
Tue Jan 03 14:40:00 +0000 2012,Tue Jan 03 14:40:49 +0000 2012,Tue Jan 03 14:44:28 +0000 2012,0.06269907407407407,AAPL2,411.15,411.53,411.09,411.23,27551
Tue Jan 03 14:45:00 +0000 2012,Tue Jan 03 14:45:55 +0000 2012,Tue Jan 03 14:49:31 +0000 2012,0.05184285714285715,AAPL2,411.27,411.6,411.24,411.6,11884
Tue Jan 03 14:50:00 +0000 2012,Tue Jan 03 14:50:37 +0000 2012,Tue Jan 03 14:54:40 +0000 2012,0.09526515151515152,AAPL2,411.55,411.55,411.37,411.41,5368
Tue Jan 03 14:55:00 +0000 2012,Tue Jan 03 14:55:56 +0000 2012,Tue Jan 03 14:59:41 +0000 2012,0.17461937830687832,AAPL2,411.43,411.55,411.21,411.23,6615
Tue Jan 03 15:00:00 +0000 2012,Tue Jan 03 15:00:50 +0000 2012,Tue Jan 03 15:04:47 +0000 2012,0.04967477581941868,AAPL2,411.21,411.76,411.21,411.76,13039
Tue Jan 03 15:05:00 +0000 2012,Tue Jan 03 15:05:44 +0000 2012,Tue Jan 03 15:09:56 +0000 2012,0.09308333333333332,AAPL2,411.75,411.86,411.6,411.66,16573
Tue Jan 03 15:10:00 +0000 2012,Tue Jan 03 15:10:43 +0000 2012,Tue Jan 03 15:14:49 +0000 2012,0.15395959595959596,AAPL2,411.65,411.81,411.44,411.75,8825
Tue Jan 03 15:15:00 +0000 2012,Tue Jan 03 15:15:54 +0000 2012,Tue Jan 03 15:19:44 +0000 2012,-0.0981950456950457,AAPL2,411.76,411.96,411.64,411.96,13003
Tue Jan 03 15:20:00 +0000 2012,Tue Jan 03 15:20:21 +0000 2012,Tue Jan 03 15:24:02 +0000 2012,0.2939375,AAPL2,411.73,411.84,411.68,411.8,7365
Tue Jan 03 15:25:00 +0000 2012,Tue Jan 03 15:25:55 +0000 2012,Tue Jan 03 15:29:55 +0000 2012,0.15920238095238096,AAPL2,411.84,411.9,411.46,411.46,14385
Tue Jan 03 15:30:00 +0000 2012,Tue Jan 03 15:30:55 +0000 2012,Tue Jan 03 15:34:54 +0000 2012,0.09737422152809988,AAPL2,411.5,411.66,411.42,411.51,20860
Tue Jan 03 15:35:00 +0000 2012,Tue Jan 03 15:35:59 +0000 2012,Tue Jan 03 15:39:56 +0000 2012,0.07042857142857142,AAPL2,411.45,411.75,411.45,411.51,7999
Tue Jan 03 15:40:00 +0000 2012,Tue Jan 03 15:40:44 +0000 2012,Tue Jan 03 15:44:47 +0000 2012,0.11923106060606062,AAPL2,411.5,411.57,411.26,411.46,15427
Tue Jan 03 15:45:00 +0000 2012,Tue Jan 03 15:45:48 +0000 2012,Tue Jan 03 15:49:57 +0000 2012,0.058273809523809526,AAPL2,411.45,411.92,411.45,411.92,22393
Tue Jan 03 15:50:00 +0000 2012,Tue Jan 03 15:50:57 +0000 2012,Tue Jan 03 15:54:54 +0000 2012,0.0709126984126984,AAPL2,411.94,412.02,411.67,411.75,29992
Tue Jan 03 15:55:00 +0000 2012,Tue Jan 03 15:55:45 +0000 2012,Tue Jan 03 15:59:56 +0000 2012,-0.034,AAPL2,411.74,411.85,411.36,411.37,29379
Tue Jan 03 16:00:00 +0000 2012,Tue Jan 03 16:00:52 +0000 2012,Tue Jan 03 16:04:43 +0000 2012,0.13661018668831168,AAPL2,411.36,411.38,410.71,410.9,20913
Wed Jan 04 09:35:00 +0000 2012,Wed Jan 04 09:35:16 +0000 2012,Wed Jan 04 09:39:53 +0000 2012,0.10560606060606062,AAPL2,410.21,411.5,409.84,410.71,25128
Wed Jan 04 09:40:00 +0000 2012,Wed Jan 04 09:40:14 +0000 2012,Wed Jan 04 09:44:49 +0000 2012,0.03833333333333333,AAPL2,410.61,410.61,409.38,409.53,24719
Wed Jan 04 09:45:00 +0000 2012,Wed Jan 04 09:45:53 +0000 2012,Wed Jan 04 09:49:42 +0000 2012,-0.04212121212121212,AAPL2,409.53,410.34,409.45,410.25,13356
Wed Jan 04 09:50:00 +0000 2012,Wed Jan 04 09:50:57 +0000 2012,Wed Jan 04 09:54:40 +0000 2012,0.1614761904761905,AAPL2,410.21,410.88,410.0,410.88,15799
Wed Jan 04 09:55:00 +0000 2012,Wed Jan 04 09:55:57 +0000 2012,Wed Jan 04 09:59:42 +0000 2012,0.04935504599567099,AAPL2,410.88,411.0,410.56,410.57,16860
Wed Jan 04 10:00:00 +0000 2012,Wed Jan 04 10:00:11 +0000 2012,Wed Jan 04 10:04:58 +0000 2012,0.30143939393939395,AAPL2,410.65,410.92,410.61,410.85,16845
Wed Jan 04 10:05:00 +0000 2012,Wed Jan 04 10:05:37 +0000 2012,Wed Jan 04 10:08:18 +0000 2012,0.21335227272727272,AAPL2,410.73,411.0,410.45,410.46,25639
Wed Jan 04 10:10:00 +0000 2012,Wed Jan 04 10:10:46 +0000 2012,Wed Jan 04 10:14:39 +0000 2012,0.11479166666666665,AAPL2,410.46,410.63,410.33,410.4,10333
Wed Jan 04 10:15:00 +0000 2012,Wed Jan 04 10:15:29 +0000 2012,Wed Jan 04 10:19:51 +0000 2012,0.1673268398268398,AAPL2,410.41,410.41,409.75,409.86,12693
Wed Jan 04 10:20:00 +0000 2012,Wed Jan 04 10:20:41 +0000 2012,Wed Jan 04 10:23:38 +0000 2012,0.08628472222222222,AAPL2,409.85,410.3,409.7,410.05,13675
Wed Jan 04 10:25:00 +0000 2012,Wed Jan 04 10:25:53 +0000 2012,Wed Jan 04 10:29:49 +0000 2012,0.01981060606060607,AAPL2,410.07,410.38,410.07,410.35,8821
Wed Jan 04 10:30:00 +0000 2012,Wed Jan 04 10:30:59 +0000 2012,Wed Jan 04 10:34:20 +0000 2012,0.09,AAPL2,410.38,410.47,410.08,410.2,21264
Wed Jan 04 10:35:00 +0000 2012,Wed Jan 04 10:35:47 +0000 2012,Wed Jan 04 10:39:17 +0000 2012,0.08551948051948052,AAPL2,410.19,410.35,410.01,410.1,9434
Wed Jan 04 10:40:00 +0000 2012,Wed Jan 04 10:40:33 +0000 2012,Wed Jan 04 10:43:59 +0000 2012,0.08437499999999999,AAPL2,410.1,410.18,409.43,409.45,13969
Wed Jan 04 10:45:00 +0000 2012,Wed Jan 04 10:45:43 +0000 2012,Wed Jan 04 10:49:36 +0000 2012,-0.07083333333333333,AAPL2,409.49,409.95,409.4,409.89,6200
Wed Jan 04 10:50:00 +0000 2012,Wed Jan 04 10:50:15 +0000 2012,Wed Jan 04 10:54:44 +0000 2012,0.07095238095238095,AAPL2,409.89,410.24,409.82,410.24,8543
Wed Jan 04 10:55:00 +0000 2012,Wed Jan 04 10:55:51 +0000 2012,Wed Jan 04 10:59:48 +0000 2012,0.10494318181818182,AAPL2,410.19,410.8,410.19,410.74,13884
Wed Jan 04 11:00:00 +0000 2012,Wed Jan 04 11:00:30 +0000 2012,Wed Jan 04 11:04:53 +0000 2012,-0.046645021645021635,AAPL2,410.85,410.94,410.77,410.9,8979
Wed Jan 04 11:05:00 +0000 2012,Wed Jan 04 11:05:42 +0000 2012,Wed Jan 04 11:09:45 +0000 2012,0.06388888888888891,AAPL2,410.85,410.94,410.73,410.83,8274
Wed Jan 04 11:10:00 +0000 2012,Wed Jan 04 11:10:14 +0000 2012,Wed Jan 04 11:14:12 +0000 2012,0.16924242424242425,AAPL2,410.84,411.75,410.78,411.51,16061
Wed Jan 04 11:15:00 +0000 2012,Wed Jan 04 11:15:38 +0000 2012,Wed Jan 04 11:19:57 +0000 2012,0.11414285714285714,AAPL2,411.57,412.3,411.57,412.13,15944
Wed Jan 04 11:20:00 +0000 2012,Wed Jan 04 11:20:38 +0000 2012,Wed Jan 04 11:24:56 +0000 2012,0.05360660173160173,AAPL2,412.13,412.16,411.9,412.0,11881
Wed Jan 04 11:25:00 +0000 2012,Wed Jan 04 11:25:49 +0000 2012,Wed Jan 04 11:29:59 +0000 2012,0.20635068129208756,AAPL2,412.02,413.37,412.02,413.04,40161
Wed Jan 04 11:30:00 +0000 2012,Wed Jan 04 11:30:54 +0000 2012,Wed Jan 04 11:34:59 +0000 2012,0.14685732323232326,AAPL2,413.0,413.2,412.71,412.74,5327
Wed Jan 04 11:35:00 +0000 2012,Wed Jan 04 11:35:40 +0000 2012,Wed Jan 04 11:39:54 +0000 2012,0.05452380952380953,AAPL2,412.77,413.01,412.71,412.93,14340
Wed Jan 04 11:40:00 +0000 2012,Wed Jan 04 11:40:13 +0000 2012,Wed Jan 04 11:44:32 +0000 2012,0.17873737373737372,AAPL2,412.86,413.5,412.86,413.37,11899
Wed Jan 04 11:45:00 +0000 2012,Wed Jan 04 11:45:49 +0000 2012,Wed Jan 04 11:49:57 +0000 2012,0.1766968253968254,AAPL2,413.43,413.46,413.3,413.4,9941
Wed Jan 04 11:50:00 +0000 2012,Wed Jan 04 11:50:45 +0000 2012,Wed Jan 04 11:54:48 +0000 2012,0.17583838383838385,AAPL2,413.39,413.43,413.09,413.09,10140
Wed Jan 04 11:55:00 +0000 2012,Wed Jan 04 11:55:54 +0000 2012,Wed Jan 04 11:59:59 +0000 2012,-0.024047619047619036,AAPL2,413.12,413.12,412.92,413.0,8859
Wed Jan 04 12:00:00 +0000 2012,Wed Jan 04 12:00:57 +0000 2012,Wed Jan 04 12:04:24 +0000 2012,0.020610119047619044,AAPL2,412.97,413.1,412.86,413.1,5632
Wed Jan 04 12:05:00 +0000 2012,Wed Jan 04 12:05:57 +0000 2012,Wed Jan 04 12:09:47 +0000 2012,0.08426923076923078,AAPL2,413.05,413.17,412.99,413.13,11529
Wed Jan 04 12:10:00 +0000 2012,Wed Jan 04 12:10:43 +0000 2012,Wed Jan 04 12:14:51 +0000 2012,-0.01757575757575758,AAPL2,413.2,413.43,413.07,413.37,10462
Wed Jan 04 12:15:00 +0000 2012,Wed Jan 04 12:15:00 +0000 2012,Wed Jan 04 12:19:45 +0000 2012,0.1094453463203463,AAPL2,413.425,413.5,413.38,413.4,9055
Wed Jan 04 12:20:00 +0000 2012,Wed Jan 04 12:20:53 +0000 2012,Wed Jan 04 12:24:34 +0000 2012,0.14818939393939395,AAPL2,413.4,414.45,413.4,414.38,32952
Wed Jan 04 12:25:00 +0000 2012,Wed Jan 04 12:25:40 +0000 2012,Wed Jan 04 12:29:57 +0000 2012,0.17916666666666664,AAPL2,414.3,414.31,413.93,413.93,6943
Wed Jan 04 12:30:00 +0000 2012,Wed Jan 04 12:30:58 +0000 2012,Wed Jan 04 12:34:50 +0000 2012,0.10287878787878788,AAPL2,414.0,414.11,413.94,414.06,2695
Wed Jan 04 12:35:00 +0000 2012,Wed Jan 04 12:35:54 +0000 2012,Wed Jan 04 12:39:47 +0000 2012,0.205,AAPL2,414.1,414.36,414.1,414.27,4534
Wed Jan 04 12:40:00 +0000 2012,Wed Jan 04 12:40:30 +0000 2012,Wed Jan 04 12:44:51 +0000 2012,0.06025000000000001,AAPL2,414.26,414.28,413.95,413.96,10641
Wed Jan 04 12:45:00 +0000 2012,Wed Jan 04 12:45:59 +0000 2012,Wed Jan 04 12:49:59 +0000 2012,0.2031144781144781,AAPL2,413.92,414.03,413.915,413.99,3137
Wed Jan 04 12:50:00 +0000 2012,Wed Jan 04 12:50:45 +0000 2012,Wed Jan 04 12:54:53 +0000 2012,0.06468434343434344,AAPL2,414.0,414.07,413.87,414.05,6334
Wed Jan 04 12:55:00 +0000 2012,Wed Jan 04 12:55:50 +0000 2012,Wed Jan 04 12:59:52 +0000 2012,0.07666666666666666,AAPL2,413.99,414.39,413.99,414.29,6899
Wed Jan 04 13:00:00 +0000 2012,Wed Jan 04 13:00:58 +0000 2012,Wed Jan 04 13:04:30 +0000 2012,0.06503463203463203,AAPL2,414.39,414.65,414.39,414.48,17267
Wed Jan 04 13:05:00 +0000 2012,Wed Jan 04 13:05:37 +0000 2012,Wed Jan 04 13:09:52 +0000 2012,0.04749242424242425,AAPL2,414.49,414.49,413.87,413.91,8220
Wed Jan 04 13:10:00 +0000 2012,Wed Jan 04 13:10:49 +0000 2012,Wed Jan 04 13:14:37 +0000 2012,0.1420987654320988,AAPL2,413.94,414.13,413.5,413.52,7583
Wed Jan 04 13:15:00 +0000 2012,Wed Jan 04 13:15:55 +0000 2012,Wed Jan 04 13:19:42 +0000 2012,0.25162878787878784,AAPL2,413.65,413.88,413.65,413.7,9708
Wed Jan 04 13:20:00 +0000 2012,Wed Jan 04 13:20:58 +0000 2012,Wed Jan 04 13:24:57 +0000 2012,0.03822285353535354,AAPL2,413.81,413.81,413.19,413.37,9734
Wed Jan 04 13:25:00 +0000 2012,Wed Jan 04 13:25:48 +0000 2012,Wed Jan 04 13:29:38 +0000 2012,0.0816883116883117,AAPL2,413.4,413.45,413.25,413.35,12408
Wed Jan 04 13:30:00 +0000 2012,Wed Jan 04 13:30:23 +0000 2012,Wed Jan 04 13:34:32 +0000 2012,0.10054892676767677,AAPL2,413.33,413.5,413.05,413.36,11949
Wed Jan 04 13:35:00 +0000 2012,Wed Jan 04 13:35:53 +0000 2012,Wed Jan 04 13:39:56 +0000 2012,0.04702999381570809,AAPL2,413.4,413.48,413.35,413.47,3000
Wed Jan 04 13:40:00 +0000 2012,Wed Jan 04 13:40:59 +0000 2012,Wed Jan 04 13:44:50 +0000 2012,0.08504635642135643,AAPL2,413.46,413.84,413.46,413.72,15078
Wed Jan 04 13:45:00 +0000 2012,Wed Jan 04 13:45:45 +0000 2012,Wed Jan 04 13:49:48 +0000 2012,0.10322222222222224,AAPL2,413.75,413.77,413.6,413.6,10454
Wed Jan 04 13:50:00 +0000 2012,Wed Jan 04 13:50:49 +0000 2012,Wed Jan 04 13:53:02 +0000 2012,0.1159090909090909,AAPL2,413.65,413.85,413.62,413.81,10190
Wed Jan 04 13:55:00 +0000 2012,Wed Jan 04 13:55:56 +0000 2012,Wed Jan 04 13:59:49 +0000 2012,0.02180555555555556,AAPL2,413.81,414.28,413.81,414.25,8946
Wed Jan 04 14:00:00 +0000 2012,Wed Jan 04 14:00:45 +0000 2012,Wed Jan 04 14:04:47 +0000 2012,0.13152777777777774,AAPL2,414.25,414.3,414.09,414.14,8668
Wed Jan 04 14:05:00 +0000 2012,Wed Jan 04 14:05:55 +0000 2012,Wed Jan 04 14:09:35 +0000 2012,0.14155555555555555,AAPL2,414.1,414.14,413.78,413.8,7246
Wed Jan 04 14:10:00 +0000 2012,Wed Jan 04 14:10:56 +0000 2012,Wed Jan 04 14:14:50 +0000 2012,0.09452479338842976,AAPL2,413.68,413.7,413.3,413.51,13905
Wed Jan 04 14:15:00 +0000 2012,Wed Jan 04 14:15:58 +0000 2012,Wed Jan 04 14:19:29 +0000 2012,0.18021915584415585,AAPL2,413.51,413.51,413.01,413.16,10458
Wed Jan 04 14:20:00 +0000 2012,Wed Jan 04 14:20:38 +0000 2012,Wed Jan 04 14:24:52 +0000 2012,0.2577932900432901,AAPL2,413.23,413.64,413.165,413.64,7842
Wed Jan 04 14:25:00 +0000 2012,Wed Jan 04 14:25:36 +0000 2012,Wed Jan 04 14:29:33 +0000 2012,0.04444444444444444,AAPL2,413.63,413.7,413.48,413.54,9278
Wed Jan 04 14:30:00 +0000 2012,Wed Jan 04 14:30:54 +0000 2012,Wed Jan 04 14:34:44 +0000 2012,-0.0828693181818182,AAPL2,413.6,413.95,413.6,413.86,6935
Wed Jan 04 14:35:00 +0000 2012,Wed Jan 04 14:35:36 +0000 2012,Wed Jan 04 14:39:55 +0000 2012,-0.05236111111111112,AAPL2,413.82,414.17,413.82,414.05,6633
Wed Jan 04 14:40:00 +0000 2012,Wed Jan 04 14:40:53 +0000 2012,Wed Jan 04 14:44:33 +0000 2012,0.15753066378066374,AAPL2,414.1,414.1,413.8,413.97,4449
Wed Jan 04 14:45:00 +0000 2012,Wed Jan 04 14:45:51 +0000 2012,Wed Jan 04 14:49:42 +0000 2012,0.08886904761904761,AAPL2,413.91,414.03,413.91,413.93,3600
Wed Jan 04 14:50:00 +0000 2012,Wed Jan 04 14:50:44 +0000 2012,Wed Jan 04 14:54:36 +0000 2012,0.028043898809523803,AAPL2,414.05,414.05,413.66,413.84,3801
Wed Jan 04 14:55:00 +0000 2012,Wed Jan 04 14:55:52 +0000 2012,Wed Jan 04 14:59:54 +0000 2012,0.14392712842712846,AAPL2,413.84,414.12,413.84,414.02,4841
Wed Jan 04 15:00:00 +0000 2012,Wed Jan 04 15:00:33 +0000 2012,Wed Jan 04 15:04:43 +0000 2012,0.21670057720057725,AAPL2,414.09,414.09,413.75,413.75,5348
Wed Jan 04 15:05:00 +0000 2012,Wed Jan 04 15:05:48 +0000 2012,Wed Jan 04 15:09:34 +0000 2012,0.12560714285714286,AAPL2,413.77,413.87,413.63,413.715,8500
Wed Jan 04 15:10:00 +0000 2012,Wed Jan 04 15:10:56 +0000 2012,Wed Jan 04 15:14:54 +0000 2012,0.055668831168831166,AAPL2,413.75,413.75,413.52,413.6,7322
Wed Jan 04 15:15:00 +0000 2012,Wed Jan 04 15:15:50 +0000 2012,Wed Jan 04 15:19:59 +0000 2012,0.04883507696007696,AAPL2,413.62,413.71,413.395,413.42,6320
Wed Jan 04 15:20:00 +0000 2012,Wed Jan 04 15:20:59 +0000 2012,Wed Jan 04 15:24:56 +0000 2012,0.06124170274170272,AAPL2,413.47,413.47,412.68,412.85,9268
Wed Jan 04 15:25:00 +0000 2012,Wed Jan 04 15:25:34 +0000 2012,Wed Jan 04 15:29:56 +0000 2012,0.09813492063492064,AAPL2,412.85,413.55,412.85,413.45,13885
Wed Jan 04 15:30:00 +0000 2012,Wed Jan 04 15:30:58 +0000 2012,Wed Jan 04 15:34:41 +0000 2012,0.0943371212121212,AAPL2,413.43,413.59,413.37,413.59,5700
Wed Jan 04 15:35:00 +0000 2012,Wed Jan 04 15:35:51 +0000 2012,Wed Jan 04 15:39:46 +0000 2012,0.16023665223665226,AAPL2,413.68,413.92,413.51,413.7,10058
Wed Jan 04 15:40:00 +0000 2012,Wed Jan 04 15:40:51 +0000 2012,Wed Jan 04 15:44:40 +0000 2012,0.20244372294372293,AAPL2,413.79,413.8,413.55,413.73,14435
Wed Jan 04 15:45:00 +0000 2012,Wed Jan 04 15:45:31 +0000 2012,Wed Jan 04 15:49:56 +0000 2012,0.07673795995670996,AAPL2,413.75,413.88,413.59,413.81,12895
Wed Jan 04 15:50:00 +0000 2012,Wed Jan 04 15:50:44 +0000 2012,Wed Jan 04 15:54:49 +0000 2012,0.08377777777777777,AAPL2,413.81,413.85,413.36,413.85,18629
Wed Jan 04 15:55:00 +0000 2012,Wed Jan 04 15:55:55 +0000 2012,Wed Jan 04 15:59:49 +0000 2012,-0.04465458152958154,AAPL2,413.86,414.24,413.85,414.215,35732
Wed Jan 04 16:00:00 +0000 2012,Wed Jan 04 16:00:59 +0000 2012,Wed Jan 04 16:04:38 +0000 2012,0.10092780483405484,AAPL2,414.21,414.33,413.28,413.43,21276
Thu Jan 05 09:35:00 +0000 2012,Thu Jan 05 09:35:45 +0000 2012,Thu Jan 05 09:39:24 +0000 2012,0.18333333333333332,AAPL2,414.99,414.99,413.88,414.8,35810
Thu Jan 05 09:40:00 +0000 2012,Thu Jan 05 09:40:29 +0000 2012,Thu Jan 05 09:44:59 +0000 2012,0.12666666666666668,AAPL2,414.8,415.62,414.53,415.0,46701
Thu Jan 05 09:45:00 +0000 2012,Thu Jan 05 09:45:42 +0000 2012,Thu Jan 05 09:49:50 +0000 2012,0.10357323232323233,AAPL2,414.9,414.9,413.3,413.6,38568
Thu Jan 05 09:50:00 +0000 2012,Thu Jan 05 09:51:34 +0000 2012,Thu Jan 05 09:54:51 +0000 2012,0.16620896464646465,AAPL2,413.53,413.66,412.7,413.35,41150
Thu Jan 05 09:55:00 +0000 2012,Thu Jan 05 09:55:55 +0000 2012,Thu Jan 05 09:59:48 +0000 2012,-0.0055555555555555575,AAPL2,413.46,414.55,413.44,414.3,22621
Thu Jan 05 10:00:00 +0000 2012,Thu Jan 05 10:00:11 +0000 2012,Thu Jan 05 10:04:40 +0000 2012,0.2872747564935065,AAPL2,414.2,414.56,413.89,414.56,24336
Thu Jan 05 10:05:00 +0000 2012,Thu Jan 05 10:05:23 +0000 2012,Thu Jan 05 10:09:00 +0000 2012,0.12175757575757573,AAPL2,414.37,414.63,414.01,414.25,23770
Thu Jan 05 10:10:00 +0000 2012,Thu Jan 05 10:10:54 +0000 2012,Thu Jan 05 10:14:53 +0000 2012,0.13987373737373734,AAPL2,414.2,414.63,413.9,414.47,21408
Thu Jan 05 10:15:00 +0000 2012,Thu Jan 05 10:15:24 +0000 2012,Thu Jan 05 10:19:54 +0000 2012,0.035959595959595955,AAPL2,414.38,414.54,414.215,414.53,9707
Thu Jan 05 10:20:00 +0000 2012,Thu Jan 05 10:20:32 +0000 2012,Thu Jan 05 10:24:33 +0000 2012,0.02440025252525253,AAPL2,414.45,415.27,414.45,414.76,24973
Thu Jan 05 10:25:00 +0000 2012,Thu Jan 05 10:25:41 +0000 2012,Thu Jan 05 10:29:06 +0000 2012,0.13011363636363635,AAPL2,414.84,414.85,414.5,414.84,21229
Thu Jan 05 10:30:00 +0000 2012,Thu Jan 05 10:30:47 +0000 2012,Thu Jan 05 10:34:09 +0000 2012,0.2420551948051948,AAPL2,414.73,415.35,414.7,414.81,22046
Thu Jan 05 10:35:00 +0000 2012,Thu Jan 05 10:35:14 +0000 2012,Thu Jan 05 10:39:59 +0000 2012,0.16226190476190475,AAPL2,414.76,414.86,414.34,414.53,22524
Thu Jan 05 10:40:00 +0000 2012,Thu Jan 05 10:40:23 +0000 2012,Thu Jan 05 10:44:49 +0000 2012,0.04263636363636364,AAPL2,414.56,414.58,414.18,414.24,21358
Thu Jan 05 10:45:00 +0000 2012,Thu Jan 05 10:45:45 +0000 2012,Thu Jan 05 10:49:34 +0000 2012,0.15187770562770558,AAPL2,414.28,414.48,414.12,414.13,10540
Thu Jan 05 10:50:00 +0000 2012,Thu Jan 05 10:50:12 +0000 2012,Thu Jan 05 10:54:50 +0000 2012,0.07136363636363638,AAPL2,414.12,414.37,414.06,414.09,12693
Thu Jan 05 10:55:00 +0000 2012,Thu Jan 05 10:56:50 +0000 2012,Thu Jan 05 10:59:41 +0000 2012,-0.0036965638528138538,AAPL2,414.24,414.35,414.06,414.21,10048
Thu Jan 05 11:00:00 +0000 2012,Thu Jan 05 11:00:17 +0000 2012,Thu Jan 05 11:04:18 +0000 2012,0.08233333333333334,AAPL2,414.195,414.56,414.1,414.56,6798
Thu Jan 05 11:05:00 +0000 2012,Thu Jan 05 11:05:37 +0000 2012,Thu Jan 05 11:09:50 +0000 2012,0.01075757575757576,AAPL2,414.51,414.73,414.19,414.29,8431
Thu Jan 05 11:10:00 +0000 2012,Thu Jan 05 11:10:56 +0000 2012,Thu Jan 05 11:14:52 +0000 2012,-0.1725,AAPL2,414.23,414.5,414.23,414.4,4268
Thu Jan 05 11:15:00 +0000 2012,Thu Jan 05 11:15:56 +0000 2012,Thu Jan 05 11:19:19 +0000 2012,0.07800505050505051,AAPL2,414.33,414.45,414.25,414.45,6709
Thu Jan 05 11:20:00 +0000 2012,Thu Jan 05 11:20:42 +0000 2012,Thu Jan 05 11:24:41 +0000 2012,0.15520707070707068,AAPL2,414.38,414.53,414.26,414.26,6021
Thu Jan 05 11:25:00 +0000 2012,Thu Jan 05 11:25:35 +0000 2012,Thu Jan 05 11:29:24 +0000 2012,0.2169642857142857,AAPL2,414.31,414.82,414.29,414.55,14576
Thu Jan 05 11:30:00 +0000 2012,Thu Jan 05 11:30:25 +0000 2012,Thu Jan 05 11:34:56 +0000 2012,0.15833333333333335,AAPL2,414.51,414.75,414.5,414.65,15765
Thu Jan 05 11:35:00 +0000 2012,Thu Jan 05 11:35:17 +0000 2012,Thu Jan 05 11:39:41 +0000 2012,0.2615227272727273,AAPL2,414.66,415.06,414.66,415.06,18253
Thu Jan 05 11:40:00 +0000 2012,Thu Jan 05 11:40:54 +0000 2012,Thu Jan 05 11:44:49 +0000 2012,0.11024388528138526,AAPL2,415.03,415.25,414.85,415.14,12456
Thu Jan 05 11:45:00 +0000 2012,Thu Jan 05 11:45:48 +0000 2012,Thu Jan 05 11:49:39 +0000 2012,0.2906507936507937,AAPL2,415.14,415.36,415.14,415.18,8436
Thu Jan 05 11:50:00 +0000 2012,Thu Jan 05 11:50:33 +0000 2012,Thu Jan 05 11:54:57 +0000 2012,0.255981691919192,AAPL2,415.15,415.32,415.11,415.15,7218
Thu Jan 05 11:55:00 +0000 2012,Thu Jan 05 11:55:15 +0000 2012,Thu Jan 05 11:59:59 +0000 2012,0.027928571428571438,AAPL2,415.25,415.35,415.18,415.19,5400
Thu Jan 05 12:00:00 +0000 2012,Thu Jan 05 12:00:28 +0000 2012,Thu Jan 05 12:04:09 +0000 2012,0.004374999999999995,AAPL2,415.19,415.28,415.1,415.15,5146
Thu Jan 05 12:05:00 +0000 2012,Thu Jan 05 12:05:53 +0000 2012,Thu Jan 05 12:09:59 +0000 2012,-0.012212121212121209,AAPL2,415.06,415.27,414.95,415.06,6535
Thu Jan 05 12:10:00 +0000 2012,Thu Jan 05 12:10:04 +0000 2012,Thu Jan 05 12:14:56 +0000 2012,0.07016666666666667,AAPL2,415.08,415.18,415.0,415.17,5015
Thu Jan 05 12:15:00 +0000 2012,Thu Jan 05 12:15:55 +0000 2012,Thu Jan 05 12:19:55 +0000 2012,-0.08694925444925446,AAPL2,415.17,415.38,415.13,415.38,6399
Thu Jan 05 12:20:00 +0000 2012,Thu Jan 05 12:20:59 +0000 2012,Thu Jan 05 12:24:52 +0000 2012,0.1623270991161616,AAPL2,415.38,415.82,415.38,415.75,21813
Thu Jan 05 12:25:00 +0000 2012,Thu Jan 05 12:25:47 +0000 2012,Thu Jan 05 12:29:40 +0000 2012,0.09649031986531988,AAPL2,415.7,415.87,415.35,415.8,16758
Thu Jan 05 12:30:00 +0000 2012,Thu Jan 05 12:30:37 +0000 2012,Thu Jan 05 12:34:55 +0000 2012,0.2987121212121212,AAPL2,415.8,416.27,415.8,416.27,27202
Thu Jan 05 12:35:00 +0000 2012,Thu Jan 05 12:35:41 +0000 2012,Thu Jan 05 12:39:56 +0000 2012,-0.011643939393939384,AAPL2,416.3,416.33,415.93,415.93,13211
Thu Jan 05 12:40:00 +0000 2012,Thu Jan 05 12:40:52 +0000 2012,Thu Jan 05 12:44:34 +0000 2012,0.024564393939393945,AAPL2,415.94,415.94,415.67,415.72,8816
Thu Jan 05 12:45:00 +0000 2012,Thu Jan 05 12:45:46 +0000 2012,Thu Jan 05 12:49:32 +0000 2012,0.20222222222222225,AAPL2,415.71,416.02,415.57,415.95,11048
Thu Jan 05 12:50:00 +0000 2012,Thu Jan 05 12:50:39 +0000 2012,Thu Jan 05 12:54:51 +0000 2012,0.0007500000000000027,AAPL2,415.97,416.14,415.82,416.1,5084
Thu Jan 05 12:55:00 +0000 2012,Thu Jan 05 12:55:17 +0000 2012,Thu Jan 05 12:59:23 +0000 2012,0.02555555555555556,AAPL2,416.11,416.12,415.82,415.86,5531
Thu Jan 05 13:00:00 +0000 2012,Thu Jan 05 13:00:54 +0000 2012,Thu Jan 05 13:04:05 +0000 2012,0.25669402356902354,AAPL2,415.9,416.1,415.75,416.1,5777
Thu Jan 05 13:05:00 +0000 2012,Thu Jan 05 13:05:58 +0000 2012,Thu Jan 05 13:09:59 +0000 2012,0.15833333333333335,AAPL2,416.12,416.46,416.085,416.375,11516
Thu Jan 05 13:10:00 +0000 2012,Thu Jan 05 13:10:05 +0000 2012,Thu Jan 05 13:14:53 +0000 2012,0.17070833333333332,AAPL2,416.38,416.52,416.28,416.45,14039
Thu Jan 05 13:15:00 +0000 2012,Thu Jan 05 13:15:36 +0000 2012,Thu Jan 05 13:19:58 +0000 2012,0.009166666666666668,AAPL2,416.47,416.56,416.3,416.3,7337
Thu Jan 05 13:20:00 +0000 2012,Thu Jan 05 13:20:47 +0000 2012,Thu Jan 05 13:24:53 +0000 2012,0.16232467532467532,AAPL2,416.27,416.43,416.27,416.39,6678
Thu Jan 05 13:25:00 +0000 2012,Thu Jan 05 13:25:52 +0000 2012,Thu Jan 05 13:29:56 +0000 2012,0.23704545454545456,AAPL2,416.4,416.45,416.3,416.37,4840
Thu Jan 05 13:30:00 +0000 2012,Thu Jan 05 13:31:10 +0000 2012,Thu Jan 05 13:34:58 +0000 2012,0.125,AAPL2,416.375,416.76,416.35,416.76,15507
Thu Jan 05 13:35:00 +0000 2012,Thu Jan 05 13:35:46 +0000 2012,Thu Jan 05 13:39:43 +0000 2012,0.18937878787878787,AAPL2,416.8,416.98,416.73,416.97,12635
Thu Jan 05 13:40:00 +0000 2012,Thu Jan 05 13:40:48 +0000 2012,Thu Jan 05 13:44:46 +0000 2012,0.09704081632653064,AAPL2,416.96,417.46,416.95,417.46,12879
Thu Jan 05 13:45:00 +0000 2012,Thu Jan 05 13:45:40 +0000 2012,Thu Jan 05 13:49:35 +0000 2012,0.0540151515151515,AAPL2,417.47,417.84,417.4,417.76,18404
Thu Jan 05 13:50:00 +0000 2012,Thu Jan 05 13:50:59 +0000 2012,Thu Jan 05 13:54:38 +0000 2012,0.13920454545454547,AAPL2,417.77,417.9,417.76,417.84,17177
Thu Jan 05 13:55:00 +0000 2012,Thu Jan 05 13:57:58 +0000 2012,Thu Jan 05 13:59:59 +0000 2012,0.11517676767676767,AAPL2,417.86,417.86,417.51,417.7,12739
Thu Jan 05 14:00:00 +0000 2012,Thu Jan 05 14:00:37 +0000 2012,Thu Jan 05 14:04:59 +0000 2012,0.08070946895714963,AAPL2,417.71,417.88,417.67,417.85,10049
Thu Jan 05 14:05:00 +0000 2012,Thu Jan 05 14:05:47 +0000 2012,Thu Jan 05 14:09:29 +0000 2012,0.0003257575757575681,AAPL2,417.81,418.13,417.8,418.01,21955
Thu Jan 05 14:10:00 +0000 2012,Thu Jan 05 14:10:13 +0000 2012,Thu Jan 05 14:14:34 +0000 2012,0.1263762626262626,AAPL2,418.05,418.15,417.9,418.0,20970
Thu Jan 05 14:15:00 +0000 2012,Thu Jan 05 14:15:45 +0000 2012,Thu Jan 05 14:19:58 +0000 2012,0.13132078598484848,AAPL2,418.01,418.5,417.97,418.41,21202
Thu Jan 05 14:20:00 +0000 2012,Thu Jan 05 14:20:39 +0000 2012,Thu Jan 05 14:24:57 +0000 2012,0.3133020833333333,AAPL2,418.42,418.42,418.06,418.1,14171
Thu Jan 05 14:25:00 +0000 2012,Thu Jan 05 14:25:48 +0000 2012,Thu Jan 05 14:29:46 +0000 2012,0.05142708333333333,AAPL2,418.17,418.2,417.73,417.79,9328
Thu Jan 05 14:30:00 +0000 2012,Thu Jan 05 14:30:56 +0000 2012,Thu Jan 05 14:34:59 +0000 2012,0.251984126984127,AAPL2,417.86,417.94,417.49,417.6,10399
Thu Jan 05 14:35:00 +0000 2012,Thu Jan 05 14:35:58 +0000 2012,Thu Jan 05 14:39:48 +0000 2012,0.19296380471380475,AAPL2,417.6,417.72,417.4,417.5,10932
Thu Jan 05 14:40:00 +0000 2012,Thu Jan 05 14:40:18 +0000 2012,Thu Jan 05 14:44:39 +0000 2012,0.046174242424242416,AAPL2,417.52,417.57,417.21,417.44,3500
Thu Jan 05 14:45:00 +0000 2012,Thu Jan 05 14:45:56 +0000 2012,Thu Jan 05 14:49:57 +0000 2012,0.08390185335497835,AAPL2,417.46,417.73,417.4,417.61,10768
Thu Jan 05 14:50:00 +0000 2012,Thu Jan 05 14:50:54 +0000 2012,Thu Jan 05 14:54:53 +0000 2012,0.15504761904761905,AAPL2,417.64,417.8,417.62,417.64,17083
Thu Jan 05 14:55:00 +0000 2012,Thu Jan 05 14:55:17 +0000 2012,Thu Jan 05 14:59:53 +0000 2012,0.09354166666666666,AAPL2,417.65,417.77,417.42,417.53,6066
Thu Jan 05 15:00:00 +0000 2012,Thu Jan 05 15:00:53 +0000 2012,Thu Jan 05 15:04:30 +0000 2012,0.0002310606060606013,AAPL2,417.43,417.54,416.83,417.03,13256
Thu Jan 05 15:05:00 +0000 2012,Thu Jan 05 15:05:58 +0000 2012,Thu Jan 05 15:09:49 +0000 2012,0.0537232683982684,AAPL2,417.07,417.63,417.04,417.59,10495
Thu Jan 05 15:10:00 +0000 2012,Thu Jan 05 15:10:59 +0000 2012,Thu Jan 05 15:14:47 +0000 2012,0.08403679653679655,AAPL2,417.55,417.64,417.3,417.3,4832
Thu Jan 05 15:15:00 +0000 2012,Thu Jan 05 15:15:13 +0000 2012,Thu Jan 05 15:19:56 +0000 2012,0.09581088664421997,AAPL2,417.3,417.33,416.73,416.79,13690
Thu Jan 05 15:20:00 +0000 2012,Thu Jan 05 15:20:51 +0000 2012,Thu Jan 05 15:24:54 +0000 2012,0.012236111111111107,AAPL2,416.855,417.13,416.71,416.97,11666
Thu Jan 05 15:25:00 +0000 2012,Thu Jan 05 15:25:14 +0000 2012,Thu Jan 05 15:29:59 +0000 2012,0.14785984848484848,AAPL2,417.03,417.21,416.92,417.21,7551
Thu Jan 05 15:30:00 +0000 2012,Thu Jan 05 15:30:50 +0000 2012,Thu Jan 05 15:34:36 +0000 2012,0.22814393939393934,AAPL2,417.27,417.73,417.15,417.53,21936
Thu Jan 05 15:35:00 +0000 2012,Thu Jan 05 15:35:57 +0000 2012,Thu Jan 05 15:39:37 +0000 2012,0.1363582251082251,AAPL2,417.6,417.63,417.3,417.31,14426
Thu Jan 05 15:40:00 +0000 2012,Thu Jan 05 15:40:53 +0000 2012,Thu Jan 05 15:44:54 +0000 2012,0.10252714646464647,AAPL2,417.25,417.36,417.125,417.36,11218
Thu Jan 05 15:45:00 +0000 2012,Thu Jan 05 15:45:59 +0000 2012,Thu Jan 05 15:49:55 +0000 2012,0.06804999398749398,AAPL2,417.36,417.92,417.32,417.81,25547
Thu Jan 05 15:50:00 +0000 2012,Thu Jan 05 15:50:55 +0000 2012,Thu Jan 05 15:54:51 +0000 2012,0.1546439393939394,AAPL2,417.76,417.89,417.66,417.87,13305
Thu Jan 05 15:55:00 +0000 2012,Thu Jan 05 15:55:58 +0000 2012,Thu Jan 05 15:59:44 +0000 2012,0.18171822226167927,AAPL2,417.88,417.89,417.58,417.8,17172
Thu Jan 05 16:00:00 +0000 2012,Thu Jan 05 16:00:54 +0000 2012,Thu Jan 05 16:04:26 +0000 2012,0.07973852292455808,AAPL2,417.82,418.55,417.77,418.06,27544
Fri Jan 06 09:35:00 +0000 2012,Fri Jan 06 09:35:39 +0000 2012,Fri Jan 06 09:39:25 +0000 2012,0.10833333333333336,AAPL2,419.8,419.965,419.5,419.82,62368
Fri Jan 06 09:40:00 +0000 2012,Fri Jan 06 09:41:45 +0000 2012,Fri Jan 06 09:44:46 +0000 2012,0.13551136363636362,AAPL2,419.845,421.4,419.84,421.25,74422
Fri Jan 06 09:45:00 +0000 2012,Fri Jan 06 09:45:54 +0000 2012,Fri Jan 06 09:49:46 +0000 2012,0.0066666666666666645,AAPL2,421.25,421.47,420.3,420.79,65764
Fri Jan 06 09:50:00 +0000 2012,Fri Jan 06 09:50:50 +0000 2012,Fri Jan 06 09:54:58 +0000 2012,0.10107359307359308,AAPL2,420.79,420.84,420.06,420.13,22534
Fri Jan 06 09:55:00 +0000 2012,Fri Jan 06 09:55:00 +0000 2012,Fri Jan 06 09:59:57 +0000 2012,0.3095833333333333,AAPL2,420.18,420.28,419.23,419.38,40337
Fri Jan 06 10:00:00 +0000 2012,Fri Jan 06 10:00:29 +0000 2012,Fri Jan 06 10:04:56 +0000 2012,0.1717171717171717,AAPL2,419.4,420.2,419.4,420.09,30523
Fri Jan 06 10:05:00 +0000 2012,Fri Jan 06 10:05:42 +0000 2012,Fri Jan 06 10:08:38 +0000 2012,0.05805555555555556,AAPL2,420.08,420.65,419.92,420.64,26354
Fri Jan 06 10:10:00 +0000 2012,Fri Jan 06 10:11:50 +0000 2012,Fri Jan 06 10:14:55 +0000 2012,-0.07789417613636362,AAPL2,420.56,420.56,419.75,420.11,14978
Fri Jan 06 10:15:00 +0000 2012,Fri Jan 06 10:15:31 +0000 2012,Fri Jan 06 10:18:56 +0000 2012,-0.11291666666666668,AAPL2,419.97,420.04,419.7,419.98,14123
Fri Jan 06 10:20:00 +0000 2012,Fri Jan 06 10:20:59 +0000 2012,Fri Jan 06 10:24:03 +0000 2012,0.08666666666666666,AAPL2,419.98,420.36,419.98,420.02,6907
Fri Jan 06 10:25:00 +0000 2012,Fri Jan 06 10:25:57 +0000 2012,Fri Jan 06 10:29:35 +0000 2012,-0.04,AAPL2,420.1,420.39,420.0,420.27,11818
Fri Jan 06 10:30:00 +0000 2012,Fri Jan 06 10:30:29 +0000 2012,Fri Jan 06 10:34:36 +0000 2012,0.15308333333333332,AAPL2,420.28,420.3,420.1,420.23,14615
Fri Jan 06 10:35:00 +0000 2012,Fri Jan 06 10:35:04 +0000 2012,Fri Jan 06 10:39:47 +0000 2012,0.1,AAPL2,420.19,420.8,420.15,420.8,15622
Fri Jan 06 10:40:00 +0000 2012,Fri Jan 06 10:40:34 +0000 2012,Fri Jan 06 10:44:12 +0000 2012,0.11412121212121212,AAPL2,420.75,420.9,420.65,420.9,10290
Fri Jan 06 10:45:00 +0000 2012,Fri Jan 06 10:45:43 +0000 2012,Fri Jan 06 10:49:58 +0000 2012,0.2892343073593073,AAPL2,420.9,421.0,420.75,420.85,21946
Fri Jan 06 10:50:00 +0000 2012,Fri Jan 06 10:52:58 +0000 2012,Fri Jan 06 10:54:49 +0000 2012,0.06851851851851852,AAPL2,420.8,421.23,420.75,421.2,14243
Fri Jan 06 10:55:00 +0000 2012,Fri Jan 06 10:55:47 +0000 2012,Fri Jan 06 10:59:44 +0000 2012,0.07829725829725827,AAPL2,421.22,421.26,420.84,420.84,16473
Fri Jan 06 11:00:00 +0000 2012,Fri Jan 06 11:00:11 +0000 2012,Fri Jan 06 11:04:55 +0000 2012,-0.029629629629629624,AAPL2,420.8,420.85,420.43,420.43,14347
Fri Jan 06 11:05:00 +0000 2012,Fri Jan 06 11:05:02 +0000 2012,Fri Jan 06 11:08:59 +0000 2012,0.19583333333333333,AAPL2,420.42,420.85,420.41,420.82,9450
Fri Jan 06 11:10:00 +0000 2012,Fri Jan 06 11:10:40 +0000 2012,Fri Jan 06 11:14:44 +0000 2012,0.06598800505050505,AAPL2,420.8,421.09,420.66,420.7,9956
Fri Jan 06 11:15:00 +0000 2012,Fri Jan 06 11:15:31 +0000 2012,Fri Jan 06 11:19:32 +0000 2012,0.08,AAPL2,420.74,420.78,420.5,420.58,10702
Fri Jan 06 11:20:00 +0000 2012,Fri Jan 06 11:20:31 +0000 2012,Fri Jan 06 11:24:32 +0000 2012,0.032272727272727265,AAPL2,420.65,420.89,420.65,420.69,4800
Fri Jan 06 11:25:00 +0000 2012,Fri Jan 06 11:25:54 +0000 2012,Fri Jan 06 11:29:58 +0000 2012,0.09718614718614718,AAPL2,420.76,420.8,420.7,420.74,3496
Fri Jan 06 11:30:00 +0000 2012,Fri Jan 06 11:30:37 +0000 2012,Fri Jan 06 11:34:51 +0000 2012,0.0006376262626262674,AAPL2,420.77,421.0,420.76,420.87,7131
Fri Jan 06 11:35:00 +0000 2012,Fri Jan 06 11:35:41 +0000 2012,Fri Jan 06 11:39:09 +0000 2012,0.027251082251082262,AAPL2,420.9,420.96,420.83,420.85,8414
Fri Jan 06 11:40:00 +0000 2012,Fri Jan 06 11:41:06 +0000 2012,Fri Jan 06 11:43:56 +0000 2012,0.006994949494949495,AAPL2,420.92,421.175,420.83,421.15,17599
Fri Jan 06 11:45:00 +0000 2012,Fri Jan 06 11:45:07 +0000 2012,Fri Jan 06 11:49:01 +0000 2012,0.017950000000000004,AAPL2,421.17,421.21,420.94,420.96,13085
Fri Jan 06 11:50:00 +0000 2012,Fri Jan 06 11:50:42 +0000 2012,Fri Jan 06 11:54:51 +0000 2012,0.18484848484848487,AAPL2,420.95,421.0,420.86,420.95,4426
Fri Jan 06 11:55:00 +0000 2012,Fri Jan 06 11:55:43 +0000 2012,Fri Jan 06 11:59:26 +0000 2012,0.0425,AAPL2,420.98,420.98,420.74,420.76,4717
Fri Jan 06 12:00:00 +0000 2012,Fri Jan 06 12:00:49 +0000 2012,Fri Jan 06 12:03:48 +0000 2012,0.3125,AAPL2,420.73,420.79,420.65,420.71,5716
Fri Jan 06 12:05:00 +0000 2012,Fri Jan 06 12:05:41 +0000 2012,Fri Jan 06 12:09:33 +0000 2012,0.17781770833333332,AAPL2,420.59,420.68,420.54,420.63,5623
Fri Jan 06 12:10:00 +0000 2012,Fri Jan 06 12:10:37 +0000 2012,Fri Jan 06 12:14:23 +0000 2012,0.06779640151515151,AAPL2,420.63,420.65,420.34,420.38,17828
Fri Jan 06 12:15:00 +0000 2012,Fri Jan 06 12:15:24 +0000 2012,Fri Jan 06 12:19:29 +0000 2012,0.040740740740740765,AAPL2,420.35,420.49,420.3,420.35,8208
Fri Jan 06 12:20:00 +0000 2012,Fri Jan 06 12:20:53 +0000 2012,Fri Jan 06 12:23:58 +0000 2012,0.13524831649831648,AAPL2,420.34,420.65,420.34,420.61,5820
Fri Jan 06 12:25:00 +0000 2012,Fri Jan 06 12:25:36 +0000 2012,Fri Jan 06 12:29:44 +0000 2012,0.16631944444444444,AAPL2,420.57,420.59,420.35,420.59,4753
Fri Jan 06 12:30:00 +0000 2012,Fri Jan 06 12:30:48 +0000 2012,Fri Jan 06 12:34:38 +0000 2012,0.0,AAPL2,420.72,420.79,420.62,420.78,1460
Fri Jan 06 12:35:00 +0000 2012,Fri Jan 06 12:35:28 +0000 2012,Fri Jan 06 12:39:53 +0000 2012,0.002272727272727263,AAPL2,420.73,420.94,420.71,420.94,4564
Fri Jan 06 12:40:00 +0000 2012,Fri Jan 06 12:40:57 +0000 2012,Fri Jan 06 12:44:58 +0000 2012,0.08428720238095237,AAPL2,420.99,421.05,420.65,420.71,11092
Fri Jan 06 12:45:00 +0000 2012,Fri Jan 06 12:45:43 +0000 2012,Fri Jan 06 12:49:18 +0000 2012,0.13920645227788084,AAPL2,420.65,420.82,420.6,420.74,8487
Fri Jan 06 12:50:00 +0000 2012,Fri Jan 06 12:50:41 +0000 2012,Fri Jan 06 12:54:29 +0000 2012,-0.07242063492063491,AAPL2,420.84,420.84,420.6,420.7,4910
Fri Jan 06 12:55:00 +0000 2012,Fri Jan 06 12:55:54 +0000 2012,Fri Jan 06 12:59:47 +0000 2012,0.2083961038961039,AAPL2,420.68,420.79,420.63,420.72,10530
Fri Jan 06 13:00:00 +0000 2012,Fri Jan 06 13:00:50 +0000 2012,Fri Jan 06 13:04:41 +0000 2012,0.06469733044733045,AAPL2,420.73,420.85,420.62,420.8,7680
Fri Jan 06 13:05:00 +0000 2012,Fri Jan 06 13:05:15 +0000 2012,Fri Jan 06 13:09:44 +0000 2012,0.13338541666666667,AAPL2,420.75,420.9,420.72,420.8,3753
Fri Jan 06 13:10:00 +0000 2012,Fri Jan 06 13:10:45 +0000 2012,Fri Jan 06 13:14:37 +0000 2012,0.010192563388991957,AAPL2,420.75,420.84,420.7,420.74,4490
Fri Jan 06 13:15:00 +0000 2012,Fri Jan 06 13:15:42 +0000 2012,Fri Jan 06 13:19:38 +0000 2012,0.2236190476190476,AAPL2,420.74,420.79,420.56,420.61,6135
Fri Jan 06 13:20:00 +0000 2012,Fri Jan 06 13:20:28 +0000 2012,Fri Jan 06 13:24:07 +0000 2012,0.15109427609427611,AAPL2,420.63,420.87,420.54,420.83,8685
Fri Jan 06 13:25:00 +0000 2012,Fri Jan 06 13:25:52 +0000 2012,Fri Jan 06 13:29:04 +0000 2012,0.04616161616161617,AAPL2,420.82,420.9,420.67,420.89,3667
Fri Jan 06 13:30:00 +0000 2012,Fri Jan 06 13:30:56 +0000 2012,Fri Jan 06 13:34:25 +0000 2012,0.15799603174603175,AAPL2,420.87,420.87,420.61,420.72,3800
Fri Jan 06 13:35:00 +0000 2012,Fri Jan 06 13:35:56 +0000 2012,Fri Jan 06 13:39:59 +0000 2012,0.12190873015873015,AAPL2,420.7,420.84,420.64,420.8,4364
Fri Jan 06 13:40:00 +0000 2012,Fri Jan 06 13:40:45 +0000 2012,Fri Jan 06 13:44:58 +0000 2012,0.11239478114478113,AAPL2,420.78,421.14,420.74,421.06,12507
Fri Jan 06 13:45:00 +0000 2012,Fri Jan 06 13:45:50 +0000 2012,Fri Jan 06 13:49:57 +0000 2012,-0.02354591836734693,AAPL2,421.06,421.18,421.02,421.15,6812
Fri Jan 06 13:50:00 +0000 2012,Fri Jan 06 13:50:49 +0000 2012,Fri Jan 06 13:54:49 +0000 2012,0.15900793650793651,AAPL2,421.13,421.58,421.1,421.58,12761
Fri Jan 06 13:55:00 +0000 2012,Fri Jan 06 13:55:52 +0000 2012,Fri Jan 06 13:59:54 +0000 2012,0.00044507575757575383,AAPL2,421.58,421.59,421.28,421.42,4003
Fri Jan 06 14:00:00 +0000 2012,Fri Jan 06 14:00:55 +0000 2012,Fri Jan 06 14:04:43 +0000 2012,0.05290836940836942,AAPL2,421.46,421.78,421.46,421.7,14945
Fri Jan 06 14:05:00 +0000 2012,Fri Jan 06 14:05:40 +0000 2012,Fri Jan 06 14:09:53 +0000 2012,0.07632395382395382,AAPL2,421.73,421.73,421.34,421.34,4676
Fri Jan 06 14:10:00 +0000 2012,Fri Jan 06 14:10:54 +0000 2012,Fri Jan 06 14:14:33 +0000 2012,0.15401334776334774,AAPL2,421.33,421.78,421.28,421.69,9293
Fri Jan 06 14:15:00 +0000 2012,Fri Jan 06 14:15:38 +0000 2012,Fri Jan 06 14:19:48 +0000 2012,0.20565961324555074,AAPL2,421.7,421.86,421.48,421.86,36520
Fri Jan 06 14:20:00 +0000 2012,Fri Jan 06 14:20:51 +0000 2012,Fri Jan 06 14:24:50 +0000 2012,0.005833333333333331,AAPL2,421.84,421.94,421.79,421.88,33214
Fri Jan 06 14:25:00 +0000 2012,Fri Jan 06 14:25:59 +0000 2012,Fri Jan 06 14:29:48 +0000 2012,0.091599025974026,AAPL2,421.9,422.2,421.9,422.2,40865
Fri Jan 06 14:30:00 +0000 2012,Fri Jan 06 14:30:09 +0000 2012,Fri Jan 06 14:34:34 +0000 2012,0.05483333333333333,AAPL2,422.2,422.49,422.15,422.29,20669
Fri Jan 06 14:35:00 +0000 2012,Fri Jan 06 14:35:41 +0000 2012,Fri Jan 06 14:39:57 +0000 2012,0.20286525974025976,AAPL2,422.32,422.455,422.14,422.32,8326
Fri Jan 06 14:40:00 +0000 2012,Fri Jan 06 14:40:59 +0000 2012,Fri Jan 06 14:44:48 +0000 2012,0.1318181818181818,AAPL2,422.33,422.37,422.04,422.04,8100
Fri Jan 06 14:45:00 +0000 2012,Fri Jan 06 14:45:48 +0000 2012,Fri Jan 06 14:49:56 +0000 2012,0.15250721500721506,AAPL2,422.03,422.18,421.95,421.95,7499
Fri Jan 06 14:50:00 +0000 2012,Fri Jan 06 14:50:54 +0000 2012,Fri Jan 06 14:54:48 +0000 2012,0.08484232632446917,AAPL2,421.89,422.05,421.78,421.9,8683
Fri Jan 06 14:55:00 +0000 2012,Fri Jan 06 14:55:23 +0000 2012,Fri Jan 06 14:59:46 +0000 2012,0.1543939393939394,AAPL2,421.92,422.0,421.82,421.99,4742
Fri Jan 06 15:00:00 +0000 2012,Fri Jan 06 15:00:31 +0000 2012,Fri Jan 06 15:04:56 +0000 2012,0.23852380952380955,AAPL2,421.98,422.0,421.87,421.9,4500
Fri Jan 06 15:05:00 +0000 2012,Fri Jan 06 15:05:50 +0000 2012,Fri Jan 06 15:08:19 +0000 2012,0.11994949494949494,AAPL2,421.9,422.11,421.86,421.98,4908
Fri Jan 06 15:10:00 +0000 2012,Fri Jan 06 15:10:21 +0000 2012,Fri Jan 06 15:14:27 +0000 2012,0.10410714285714287,AAPL2,421.99,422.11,421.89,421.89,4308
Fri Jan 06 15:15:00 +0000 2012,Fri Jan 06 15:15:42 +0000 2012,Fri Jan 06 15:19:39 +0000 2012,-0.01973958333333333,AAPL2,421.93,421.93,421.79,421.85,5152
Fri Jan 06 15:20:00 +0000 2012,Fri Jan 06 15:20:11 +0000 2012,Fri Jan 06 15:24:48 +0000 2012,0.2864285714285714,AAPL2,421.84,421.86,421.35,421.52,11283
Fri Jan 06 15:25:00 +0000 2012,Fri Jan 06 15:25:37 +0000 2012,Fri Jan 06 15:29:41 +0000 2012,0.01415241380643166,AAPL2,421.47,421.81,421.42,421.8,9563
Fri Jan 06 15:30:00 +0000 2012,Fri Jan 06 15:30:40 +0000 2012,Fri Jan 06 15:34:47 +0000 2012,0.17256121482683984,AAPL2,421.73,421.84,421.6,421.71,11959
Fri Jan 06 15:35:00 +0000 2012,Fri Jan 06 15:35:56 +0000 2012,Fri Jan 06 15:39:52 +0000 2012,0.030755952380952373,AAPL2,421.67,421.73,421.52,421.68,9844
Fri Jan 06 15:40:00 +0000 2012,Fri Jan 06 15:40:51 +0000 2012,Fri Jan 06 15:44:48 +0000 2012,0.15108333333333332,AAPL2,421.68,422.21,421.64,422.19,25341
Fri Jan 06 15:45:00 +0000 2012,Fri Jan 06 15:45:40 +0000 2012,Fri Jan 06 15:49:06 +0000 2012,0.1326363636363636,AAPL2,422.24,422.6,422.13,422.6,33844
Fri Jan 06 15:50:00 +0000 2012,Fri Jan 06 15:50:59 +0000 2012,Fri Jan 06 15:54:39 +0000 2012,0.05287878787878788,AAPL2,422.58,422.67,422.35,422.48,23232
Fri Jan 06 15:55:00 +0000 2012,Fri Jan 06 15:55:40 +0000 2012,Fri Jan 06 15:59:26 +0000 2012,0.17149242424242422,AAPL2,422.47,422.5,421.92,422.22,24972
Fri Jan 06 16:00:00 +0000 2012,Fri Jan 06 16:00:57 +0000 2012,Fri Jan 06 16:04:46 +0000 2012,0.07025338203463204,AAPL2,422.22,422.59,422.2,422.45,36684
